id,name,phone,street,city,county,zip,address,practice_areas,website,lat,lng,source_url,notes,action
"l-0178","Estate Law of Florida, P.A.","(954) 951-7274","6810 N State Rd 7, Suite 116","Coconut Creek","Broward","33073","6810 N State Rd 7, Suite 116, Coconut Creek, FL 33073","Business Law; Civil Litigation; Estate Planning","https://elflorida.com/","26.2855839","-80.2018545","https://elflorida.com/contact/","","insert"
"l-0179","Mark Mastrarrigo, P.A.","(954) 820-8535","5500 South Flamingo Road, Suite 205","Cooper City","Broward","33330","5500 South Flamingo Road, Suite 205, Cooper City, FL 33330","Civil Litigation; Estate Planning; Real Estate Law","https://markmlegal.com/","26.05208839319627","-80.31338418475778","https://markmlegal.com/contact","","insert"
"l-0180","360 Immigration Law Group","(954) 667-3660","10100 West Sample Road Suite 106","Coral Springs","Broward","33065","10100 West Sample Road Suite 106, Coral Springs, FL 33065","Immigration","https://360immigrationlaw.com/","26.272363","-80.260585","https://360immigrationlaw.com/contact/","","insert"
"l-0181","Donald R. Walters, P.A.","(954) 840-0494","7401 Wiles Road Suite 250","Coral Springs","Broward","33067","7401 Wiles Road Suite 250, Coral Springs, FL 33067","Real Estate Law","https://dwalterslaw.com/","26.28646726203097","-80.22520414981756","https://dwalterslaw.com/contact/","","insert"
"l-0182","Guerra Saenz, PL","(954) 434-5800","3111 N University Dr Suite 429","Coral Springs","Broward","33065","3111 N University Dr Suite 429, Coral Springs, FL 33065","Immigration","https://www.guerralegal.com/","26.2689228","-80.2493234","https://www.guerralegal.com/","","insert"
"l-0183","Law Office of Brian P. Kowal, P.A.","(954) 990-7552","7351 Wiles Rd. Suite 103","Coral Springs","Broward","33067","7351 Wiles Rd. Suite 103, Coral Springs, FL 33067","Business Law; Civil Litigation; Real Estate Law","https://briankowallaw.com/","26.28645582770556","-80.22461438527802","https://briankowallaw.com/contact/","","insert"
"l-0184","Law Office of Gary M. Landau","(954) 979-6566","7401 Wiles Road, Suite 204","Coral Springs","Broward","33067","7401 Wiles Road, Suite 204, Coral Springs, FL 33067","Estate Planning; Real Estate Law","https://garylandau.com/","26.28646726203097","-80.22520414981756","https://garylandau.com/contact/","","insert"
"l-0185","Law Offices of Gary I. Handin, P.A.","(954) 796-9600","3111 N. University Drive, Suite 605","Coral Springs","Broward","33065","3111 N. University Drive, Suite 605, Coral Springs, FL 33065","Business Law; Estate Planning; Real Estate Law","https://www.handinlaw.com/","26.2689228","-80.2493234","https://www.handinlaw.com/contact-us/","","insert"
"l-0186","Law Offices of Reinfeld & Cabrera, P.A.","(954) 334-1520","9625 W Sample Rd Suite A","Coral Springs","Broward","33065","9625 W Sample Rd Suite A, Coral Springs, FL 33065","Estate Planning; Real Estate Law","https://mypersonalattorneys.com/","26.272593198306808","-80.25466772573586","https://mypersonalattorneys.com/contact-us/","","insert"
"l-0187","Law Offices of Ronald A. Luzim, P.A.","(954) 755-1500","5531 N. University Drive, Suite 101","Coral Springs","Broward","33067","5531 N. University Drive, Suite 101, Coral Springs, FL 33067","Business Law; Civil Litigation; Estate Planning; Family Law; Real Estate Law","https://www.broward-lawyer.com/","26.297446432460248","-80.24999267448497","https://www.broward-lawyer.com/contact-us/","","insert"
"l-0188","Matthew Fornaro, P.A.","(954) 324-3651","11555 Heron Bay Boulevard, Suite 200","Coral Springs","Broward","33076","11555 Heron Bay Boulevard, Suite 200, Coral Springs, FL 33076","Business Law; Civil Litigation; Real Estate Law","https://fornarolegal.com/","26.30932347467778","-80.29592436866945","https://fornarolegal.com/contact/","","insert"
"l-0189","Michael A. Trinkler, P.A.","(954) 753-5700","5501 University Drive, Suite 101","Coral Springs","Broward","33067","5501 University Drive, Suite 101, Coral Springs, FL 33067","Real Estate Law","https://www.trinklerlaw.com/","26.297158087056967","-80.24988374399929","https://www.trinklerlaw.com/","","insert"
"l-0190","Rader Law Group, LLC","(954) 913-2273","3111 North University Drive Suite 705","Coral Springs","Broward","33065","3111 North University Drive Suite 705, Coral Springs, FL 33065","Civil Litigation; Personal Injury","https://raderlawgroup.com/","26.2689228","-80.2493234","https://raderlawgroup.com/contact/","","insert"
"l-0191","Storrings Law","(954) 302-7148","3200 N University Dr Suite 203","Coral Springs","Broward","33065","3200 N University Dr Suite 203, Coral Springs, FL 33065","Business Law; Civil Litigation; Real Estate Law","https://www.storringslaw.com/","26.269517","-80.250277","https://www.storringslaw.com/contact/","","insert"
"l-0192","The Andres Lopez Law Firm, P.A.","(954) 237-5100","7351 Wiles Rd #101","Coral Springs","Broward","33067","7351 Wiles Rd #101, Coral Springs, FL 33067","Immigration; Personal Injury","https://www.alopezlawfirm.com/","26.28645582770556","-80.22461438527802","https://www.alopezlawfirm.com/contact/","","insert"
"l-0193","Andrea L. Jakob, PA","(954) 862-1479","12401 Orange Drive, Suite 219","Davie","Broward","33330","12401 Orange Drive, Suite 219, Davie, FL 33330","Business Law; Estate Planning","https://jakoblegal.com/","26.06420692857143","-80.31405678571429","https://jakoblegal.com/contact/","","insert"
"l-0194","Law Office of Vincent J. Owoc","(954) 680-8000","5600 Davie Rd","Davie","Broward","33314","5600 Davie Rd, Davie, FL 33314","Estate Planning; Real Estate Law","https://www.probatelawyerfortlauderdale.com/","26.051785","-80.231589","https://www.probatelawyerfortlauderdale.com/contact-us","","insert"
"l-0195","Blade & Blade, P.A.","(954) 429-1200","210 SW Natura Avenue","Deerfield Beach","Broward","33441","210 SW Natura Avenue, Deerfield Beach, FL 33441","Estate Planning; Real Estate Law","https://www.bladeoffices.com/","26.31431921618866","-80.11296069563367","https://www.bladeoffices.com/contact","","insert"
"l-0196","Pomeranz Law PLLC","(954) 834-1212","1430 S Federal Hwy Suite 302","Deerfield Beach","Broward","33441","1430 S Federal Hwy Suite 302, Deerfield Beach, FL 33441","Business Law; Civil Litigation; Real Estate Law","https://www.pomeranzlaw.com/","26.3255018","-80.0907198","https://www.pomeranzlaw.com/contact/","","insert"
"l-0197","Rader Law Group, LLC","(954) 289-2955","1166 W Newport Center Drive Suite #308","Deerfield Beach","Broward","33442","1166 W Newport Center Drive Suite #308, Deerfield Beach, FL 33442","Civil Litigation; Personal Injury","https://raderlawgroup.com/","26.30292306818182","-80.12419144886363","https://raderlawgroup.com/contact/","","insert"
"l-0198","Adrian Philip Thomas, P.A.","(954) 764-7273","1000 Corporate Drive Suite 300","Fort Lauderdale","Broward","33334","1000 Corporate Drive Suite 300, Fort Lauderdale, FL 33334","Civil Litigation; Estate Planning","https://www.florida-probate-lawyer.com/","26.2076721","-80.1374906","https://www.florida-probate-lawyer.com/contact-us/","","insert"
"l-0199","Arcaro Law Group","(954) 208-8980","24 SE 20th St","Fort Lauderdale","Broward","33316","24 SE 20th St, Fort Lauderdale, FL 33316","Family Law","https://www.arcarolawgroup.com/","26.09641694543466","-80.14027929800437","https://www.arcarolawgroup.com/contact-us/","","insert"
"l-0200","Becker & Poliakoff, P.A.","(954) 987-7550","1 East Broward Blvd. Suite 1800","Fort Lauderdale","Broward","33301","1 East Broward Blvd. Suite 1800, Fort Lauderdale, FL 33301","Business Law; Civil Litigation; Real Estate Law","https://beckerlawyers.com/","26.122424","-80.143368","https://beckerlawyers.com/locations/","","insert"
"l-0201","Boies Schiller Flexner LLP","(954) 356-0011","401 East Las Olas Blvd. Suite 1200","Fort Lauderdale","Broward","33301","401 East Las Olas Blvd. Suite 1200, Fort Lauderdale, FL 33301","Civil Litigation","https://www.bsfllp.com/","26.119124010204082","-80.13840379591838","https://www.bsfllp.com/locations/fort-lauderdale.html","","insert"
"l-0202","Cabanas Law Firm","(954) 908-6104","550 S Andrews Ave, Suite 510","Fort Lauderdale","Broward","33301","550 S Andrews Ave, Suite 510, Fort Lauderdale, FL 33301","Family Law","https://cabanaslawfirm.com/","26.11550242857143","-80.14316524489796","https://cabanaslawfirm.com/contact/","","insert"
"l-0203","Conrad & Scherer, LLP","(954) 738-8335","614 South Federal Highway","Fort Lauderdale","Broward","33301","614 South Federal Highway, Fort Lauderdale, FL 33301","Civil Litigation; Estate Planning; Personal Injury; Real Estate Law","https://www.conradscherer.com/","26.1138751","-80.1367764","https://www.conradscherer.com/","","insert"
"l-0204","Dickinson Wright PLLC","(954) 991-5420","350 East Las Olas Boulevard Suite 1750","Fort Lauderdale","Broward","33301","350 East Las Olas Boulevard Suite 1750, Fort Lauderdale, FL 33301","Business Law; Civil Litigation","https://www.dwlaw.com/","26.119079357433936","-80.13984124887627","https://www.dwlaw.com/our-firm/locations/ft-lauderdale","","insert"
"l-0205","Edward J. Jennings, P.A.","(954) 764-4330","200 SE 18th Court","Fort Lauderdale","Broward","33316","200 SE 18th Court, Fort Lauderdale, FL 33316","Civil Litigation; Estate Planning; Family Law; Real Estate Law","https://www.ejj-law.com/","26.098168858585858","-80.14001906060606","https://www.ejj-law.com/contact-us/","","insert"
"l-0206","Fiducia Law","(561) 299-0437","110 E Broward Blvd. Suite 1700","Fort Lauderdale","Broward","33301","110 E Broward Blvd. Suite 1700, Fort Lauderdale, FL 33301","Estate Planning; Real Estate Law","https://fiducia-law.com/","26.1218438","-80.1416229","https://fiducia-law.com/contact/","","insert"
"l-0207","Fischler, Friedman & Bennett, P.A.","(954) 763-5778","1000 S Andrews Ave","Fort Lauderdale","Broward","33316","1000 S Andrews Ave, Fort Lauderdale, FL 33316","Business Law; Civil Litigation; Estate Planning; Family Law","https://www.ffpa-law.com/","26.1103632","-80.1430853","https://www.ffpa-law.com/contact-us","","insert"
"l-0208","Gainza Law Group","(954) 463-1210","5975 N Federal Hwy #127","Fort Lauderdale","Broward","33308","5975 N Federal Hwy #127, Fort Lauderdale, FL 33308","Family Law; Immigration; Personal Injury","https://www.gainzalaw.com/","26.20174718258359","-80.10906129099594","https://www.gainzalaw.com/contact-us/","","insert"
"l-0209","Gerstein & Gerstein, Attorneys, P.A.","(954) 947-6060","800 E Cypress Creek Rd #301","Fort Lauderdale","Broward","33334","800 E Cypress Creek Rd #301, Fort Lauderdale, FL 33334","Immigration","https://usaimmigrationlaw.com/","26.2037162","-80.1368445","https://usaimmigrationlaw.com/contact-us/","","insert"
"l-0210","Ginsberg Shulman, PL","(954) 839-8705","300 SE 2nd St, Suite 600","Fort Lauderdale","Broward","33301","300 SE 2nd St, Suite 600, Fort Lauderdale, FL 33301","Business Law; Estate Planning","https://www.ginsbergshulman.com/","26.120553","-80.140309","https://www.ginsbergshulman.com/contact/","","insert"
"l-0211","Haber Blank, LLP","(954) 767-0300","888 S Andrews Ave, Suite 201","Fort Lauderdale","Broward","33316","888 S Andrews Ave, Suite 201, Fort Lauderdale, FL 33316","Business Law; Civil Litigation; Criminal Defense; Estate Planning; Family Law; Real Estate Law","https://www.haberblank.com/","26.111427640118794","-80.14301859985225","https://www.haberblank.com/contact/","","insert"
"l-0212","Hughes Real Estate Law","(954) 256-5125","1141 SE 2nd Ave","Fort Lauderdale","Broward","33316","1141 SE 2nd Ave, Fort Lauderdale, FL 33316","Civil Litigation; Real Estate Law","https://jhugheslegal.com/","26.10814226778927","-80.14142580071801","https://jhugheslegal.com/contact/","","insert"
"l-0213","KWG Family Legal & Mediation Services","(954) 727-8071","6750 N. Andrews Avenue, Suite 200","Fort Lauderdale","Broward","33309","6750 N. Andrews Avenue, Suite 200, Fort Lauderdale, FL 33309","Estate Planning; Family Law","https://kwglaw.net/","26.20952991330416","-80.14281917781702","https://kwglaw.net/","","insert"
"l-0214","Kalish & Jaggars, PLLC","(954) 302-4280","500 E. Broward Blvd. Suite 1710","Fort Lauderdale","Broward","33394","500 E. Broward Blvd. Suite 1710, Fort Lauderdale, FL 33394","Family Law","https://scottjkalishlaw.com/","26.1218649","-80.1382116","https://scottjkalishlaw.com/florida/locations/fort-lauderdale/","","insert"
"l-0215","Kanelidis Law","(954) 315-1774","2881 E. Oakland Park Blvd., Suite 108","Fort Lauderdale","Broward","33306","2881 E. Oakland Park Blvd., Suite 108, Fort Lauderdale, FL 33306","Business Law; Estate Planning; Family Law; Real Estate Law","https://www.kanelidislaw.com/","26.167330145075493","-80.10639265777112","https://www.kanelidislaw.com/","","insert"
"l-0216","Kelley Kronenberg","(954) 370-9970","10360 W. State Road 84","Fort Lauderdale","Broward","33324","10360 W. State Road 84, Fort Lauderdale, FL 33324","Civil Litigation; Personal Injury; Real Estate Law","https://www.kelleykronenberg.com/","26.11281","-80.27172","https://www.kelleykronenberg.com/locations/fort-lauderdale/","","insert"
"l-0217","Lampert Law Firm","(954) 686-5589","401 East Las Olas Blvd. Suite 1400","Fort Lauderdale","Broward","33301","401 East Las Olas Blvd. Suite 1400, Fort Lauderdale, FL 33301","Business Law; Civil Litigation","https://lampertlawfirm.com/","26.119124010204082","-80.13840379591838","https://lampertlawfirm.com/contact/","","insert"
"l-0218","Law Office of Kimberly A. Abrams & Associates, P.A.","(954) 985-9715","2699 Stirling Road, Suite A105","Fort Lauderdale","Broward","33312","2699 Stirling Road, Suite A105, Fort Lauderdale, FL 33312","Real Estate Law","https://www.abramsrealestatelaw.com/","26.0484176","-80.1752302","https://www.abramsrealestatelaw.com/","","insert"
"l-0219","Law Offices of Carmen G. Soto, P.A.","(954) 523-0703","600 S Andrews Ave #403","Fort Lauderdale","Broward","33301","600 S Andrews Ave #403, Fort Lauderdale, FL 33301","Family Law","https://www.csotolaw.com/","26.11465","-80.143118","https://www.csotolaw.com/contact-us/","","insert"
"l-0220","Law Offices of Reinfeld & Cabrera, P.A.","(954) 334-1520","2933 W. Cypress Creek Rd Suite 201","Fort Lauderdale","Broward","33309","2933 W. Cypress Creek Rd Suite 201, Fort Lauderdale, FL 33309","Estate Planning; Real Estate Law","https://mypersonalattorneys.com/","26.20273554362416","-80.1796385033557","https://mypersonalattorneys.com/contact-us/","","insert"
"l-0221","Law Offices of Scott A. Levine","(954) 587-2244","500 E Broward Blvd, Suite 900","Fort Lauderdale","Broward","33394","500 E Broward Blvd, Suite 900, Fort Lauderdale, FL 33394","Criminal Defense; Family Law","https://www.levinefamilylaw.com/","26.1218649","-80.1382116","https://www.levinefamilylaw.com/","","insert"
"l-0222","Lorenzo Law","(954) 371-0402","12 SE 7th St Ste 701","Fort Lauderdale","Broward","33301","12 SE 7th St Ste 701, Fort Lauderdale, FL 33301","Civil Litigation; Estate Planning","https://joselorenzolaw.com/","26.1125563","-80.1425047","https://joselorenzolaw.com/contact/","","insert"
"l-0223","Mavrick Law Firm","(954) 564-2246","1620 W Oakland Park Blvd #300","Fort Lauderdale","Broward","33311","1620 W Oakland Park Blvd #300, Fort Lauderdale, FL 33311","Business Law; Civil Litigation","https://www.mavricklaw.com/","26.16566901342282","-80.16374532885906","https://www.mavricklaw.com/contact-us.html","","insert"
"l-0224","Michael L. Feinstein, P.A.","(954) 767-9662","501 East Las Olas Boulevard, Suite 300","Fort Lauderdale","Broward","33301","501 East Las Olas Boulevard, Suite 300, Fort Lauderdale, FL 33301","Business Law; Civil Litigation; Real Estate Law","https://www.feinsteinlaw.net/","26.119477","-80.1382404","https://www.feinsteinlaw.net/contact/","","insert"
"l-0225","Olive Judd, P.A.","(954) 334-2250","2426 E. Las Olas Blvd","Fort Lauderdale","Broward","33301","2426 E. Las Olas Blvd, Fort Lauderdale, FL 33301","Business Law; Civil Litigation; Estate Planning; Real Estate Law","https://www.olivejudd.com/","26.1199359","-80.1130519","https://www.olivejudd.com/contact-us/","","insert"
"l-0226","Oppenheim Law","(954) 384-6114","500 East Broward Boulevard, Suite 1710","Fort Lauderdale","Broward","33394","500 East Broward Boulevard, Suite 1710, Fort Lauderdale, FL 33394","Business Law; Civil Litigation; Estate Planning; Personal Injury; Real Estate Law","https://www.oppenheimlaw.com/","26.1218649","-80.1382116","https://www.oppenheimlaw.com/contact-us/","","insert"
"l-0227","Pollak PLLC","(954) 250-8335","2598 E Sunrise Blvd #2104","Fort Lauderdale","Broward","33304","2598 E Sunrise Blvd #2104, Fort Lauderdale, FL 33304","Immigration","https://www.pollakimmigration.com/","26.1374954","-80.1111037","https://www.pollakimmigration.com/areas-we-serve/fort-lauderdale","","insert"
"l-0228","Pomeranz Law PLLC","(954) 834-1212","2400 E. Commercial Blvd, #104","Fort Lauderdale","Broward","33308","2400 E. Commercial Blvd, #104, Fort Lauderdale, FL 33308","Business Law; Civil Litigation; Real Estate Law","https://www.pomeranzlaw.com/","26.189453","-80.114655","https://www.pomeranzlaw.com/contact/","","insert"
"l-0229","Sandra Bonfiglio, P.A.","(954) 945-7591","105 S Avenue of the Arts","Fort Lauderdale","Broward","33312","105 S Avenue of the Arts, Fort Lauderdale, FL 33312","Family Law","https://www.sandrabonfiglio.com/","26.1185519","-80.150156","https://www.sandrabonfiglio.com/contact-us/","","insert"
"l-0230","Shane & Shane, P.A.","(954) 772-8782","500 West Cypress Creek Road Suite 470","Fort Lauderdale","Broward","33309","500 West Cypress Creek Road Suite 470, Fort Lauderdale, FL 33309","Immigration","https://shanelaw.com/","26.203167","-80.150207","https://shanelaw.com/contact/","","insert"
"l-0231","Sweeney Law, P.A.","(954) 440-3993","6750 N Andrews Ave, Suite 200","Fort Lauderdale","Broward","33309","6750 N Andrews Ave, Suite 200, Fort Lauderdale, FL 33309","Business Law; Civil Litigation; Real Estate Law","https://www.sweeneylawpa.com/","26.20952991330416","-80.14281917781702","https://www.sweeneylawpa.com/contact-us/","","insert"
"l-0232","The Carlin Law Firm, PLLC","(954) 440-0901","100 S.E. 3rd Avenue, Suite 1103","Fort Lauderdale","Broward","33394","100 S.E. 3rd Avenue, Suite 1103, Fort Lauderdale, FL 33394","Business Law; Civil Litigation; Real Estate Law","https://carlinfirm.com/","26.1212491","-80.1459472","https://carlinfirm.com/contact/","","insert"
"l-0233","The Elliot Legal Group, P.A.","(754) 332-2101","115 NE 3rd Ave, Suite 707","Fort Lauderdale","Broward","33301","115 NE 3rd Ave, Suite 707, Fort Lauderdale, FL 33301","Business Law; Civil Litigation; Estate Planning; Real Estate Law","https://www.elliotlegal.com/","26.1239268","-80.1411333","https://www.elliotlegal.com/contact","","insert"
"l-0234","The Law Offices of Evan M. Rosen, P.A.","(754) 400-5150","110 SE 6th St #1700","Fort Lauderdale","Broward","33301","110 SE 6th St #1700, Fort Lauderdale, FL 33301","Estate Planning; Personal Injury; Real Estate Law","https://www.evanmrosen.com/","26.1144632","-80.1416571","https://www.evanmrosen.com/contact-us/","","insert"
"l-0235","The Law Offices of Odelia Goldberg","(954) 832-0885","1270 SW 26th Ave","Fort Lauderdale","Broward","33312","1270 SW 26th Ave, Fort Lauderdale, FL 33312","Estate Planning; Real Estate Law","https://ogoldberglaw.com/","26.105899871882706","-80.17604687878226","https://ogoldberglaw.com/","","insert"
"l-0236","Tripp Scott, P.A.","(954) 525-7500","110 Southeast 6 Street, Fifteenth Floor","Fort Lauderdale","Broward","33301","110 Southeast 6 Street, Fifteenth Floor, Fort Lauderdale, FL 33301","Business Law; Civil Litigation; Estate Planning; Family Law; Personal Injury; Real Estate Law","https://www.trippscott.com/","26.114325","-80.141643","https://www.trippscott.com/contact-us/","","insert"
"l-0237","WFP Law, PA","(954) 944-2855","10360 W. State Road 84","Fort Lauderdale","Broward","33324","10360 W. State Road 84, Fort Lauderdale, FL 33324","Business Law; Estate Planning","https://wfplaw.com/","26.11281","-80.27172","https://wfplaw.com/contact-us/","","insert"
"l-0238","South Florida Law, PLLC","(954) 900-8885","1920 E Hallandale Beach Blvd, Suite 702","Hallandale Beach","Broward","33009","1920 E Hallandale Beach Blvd, Suite 702, Hallandale Beach, FL 33009","Business Law; Civil Litigation; Estate Planning; Personal Injury; Real Estate Law","https://www.southfloridalawpllc.com/","25.986210188018777","-80.12827710295377","https://www.southfloridalawpllc.com/","skip — (954) 900-8885 is listed for l-163 The Quattro Firm; unresolved conflict","skip"
"l-0239","Carlos E. Sandoval Law Firm","(954) 306-6921","6600 Taft Street Suite 307","Hollywood","Broward","33024","6600 Taft Street Suite 307, Hollywood, FL 33024","Immigration","https://www.carlosesandoval.com/","26.024498","-80.220824","https://www.carlosesandoval.com/contact/","","insert"
"l-0240","Garcia & Miranda, P.A.","(786) 686-3090","450 N Park Road Suite 800","Hollywood","Broward","33021","450 N Park Road Suite 800, Hollywood, FL 33021","Estate Planning; Family Law; Immigration","https://www.garciamirandalaw.com/","26.013355104668516","-80.17579140293498","https://www.garciamirandalaw.com/contact-us/","","insert"
"l-0241","Hughes Real Estate Law","(954) 378-2519","7777 Davie Rd Ext Ste 302B","Hollywood","Broward","33024","7777 Davie Rd Ext Ste 302B, Hollywood, FL 33024","Civil Litigation; Real Estate Law","https://jhugheslegal.com/","26.03524559552556","-80.24421041457386","https://jhugheslegal.com/contact/","","insert"
"l-0242","Law Offices of Alex T. Barak, P.A.","(954) 961-6200","3900 Hollywood Blvd Suite 101","Hollywood","Broward","33021","3900 Hollywood Blvd Suite 101, Hollywood, FL 33021","Immigration; Personal Injury","https://www.baraklaw.com/","26.011670575181427","-80.18295866603245","https://www.baraklaw.com/contact/","","insert"
"l-0243","Law Offices of Khani & Auerbach","(954) 921-1517","2338 Hollywood Blvd","Hollywood","Broward","33020","2338 Hollywood Blvd, Hollywood, FL 33020","Business Law; Estate Planning; Real Estate Law","https://www.hollywood-law.com/","26.01109078542245","-80.15334809554388","https://www.hollywood-law.com/contact-us/","","insert"
"l-0244","Law Offices of Steven A. Mason, P.A.","(954) 963-5900","4700 Sheridan St., Suite J","Hollywood","Broward","33021","4700 Sheridan St., Suite J, Hollywood, FL 33021","Estate Planning; Family Law","https://www.stevenmasonpa.com/","26.032826339404775","-80.19122081153321","https://www.stevenmasonpa.com/contact-us/","","insert"
"l-0245","OC Estate & Elder Law","(954) 251-0332","4601 Sheridan Street, Suite 311","Hollywood","Broward","33021","4601 Sheridan Street, Suite 311, Hollywood, FL 33021","Estate Planning","https://ocestatelawyers.com/","26.032546790744213","-80.1902570565869","https://ocestatelawyers.com/","","insert"
"l-0246","Puzo Law","(954) 686-7477","3900 Hollywood Boulevard, Suite 102","Hollywood","Broward","33021","3900 Hollywood Boulevard, Suite 102, Hollywood, FL 33021","Estate Planning; Family Law","https://www.puzolaw.com/","26.011670575181427","-80.18295866603245","https://www.puzolaw.com/contact-us","","insert"
"l-0247","Robert M. Bell, P.A.","(954) 241-4209","3440 Hollywood Blvd Suite 450","Hollywood","Broward","33021","3440 Hollywood Blvd Suite 450, Hollywood, FL 33021","Immigration","https://www.floridaimmigrantvisas.com/","26.0101971","-80.1772838","https://www.floridaimmigrantvisas.com/hollywood-fl-immigration-law-office/","","insert"
"l-0248","Estate Law of Florida, P.A.","(954) 951-7274","2211 NE 36th St #101","Lighthouse Point","Broward","33064","2211 NE 36th St #101, Lighthouse Point, FL 33064","Business Law; Civil Litigation; Estate Planning","https://elflorida.com/","26.2751235","-80.1320267","https://elflorida.com/contact/","","insert"
"l-0249","Pomeranz Law PLLC","(954) 834-1212","2046 NE 36th St","Lighthouse Point","Broward","33064","2046 NE 36th St, Lighthouse Point, FL 33064","Business Law; Civil Litigation; Real Estate Law","https://www.pomeranzlaw.com/","26.2751235","-80.1320267","https://www.pomeranzlaw.com/contact/","","insert"
"l-0250","The Law Office of Michelle Cohen Levy, P.A.","(954) 651-9196","4400 N. Federal Hwy","Lighthouse Point","Broward","33064","4400 N. Federal Hwy, Lighthouse Point, FL 33064","Business Law; Civil Litigation","https://www.cohenlevylegal.com/","26.2637021","-80.0991708","https://www.cohenlevylegal.com/contact/","","insert"
"l-0251","Cabanas Law Firm","(954) 447-2580","18503 Pines Blvd, Suite 301","Pembroke Pines","Broward","33029","18503 Pines Blvd, Suite 301, Pembroke Pines, FL 33029","Family Law","https://cabanaslawfirm.com/","26.0107754","-80.3962192","https://cabanaslawfirm.com/contact/","","insert"
"l-0252","Carol L. Grant, P.A.","(954) 404-8274","1601 N. Flamingo Road, Suite 1","Pembroke Pines","Broward","33028","1601 N. Flamingo Road, Suite 1, Pembroke Pines, FL 33028","Estate Planning","https://carolgrantlaw.com/","26.021338998154736","-80.31246755561602","https://carolgrantlaw.com/contact/","","insert"
"l-0253","Law Offices of John Elias","(954) 392-1501","11200 Pines Blvd Suite 200","Pembroke Pines","Broward","33026","11200 Pines Blvd Suite 200, Pembroke Pines, FL 33026","Family Law","https://www.johneliasfamilylaw.com/","26.007487","-80.296425","https://www.johneliasfamilylaw.com/contact-us","","insert"
"l-0254","Mary Jo Rivero, P.A.","(954) 945-7727","1806 N. Flamingo Rd. Suite 355","Pembroke Pines","Broward","33028","1806 N. Flamingo Rd. Suite 355, Pembroke Pines, FL 33028","Estate Planning","https://www.maryjorivero.com/","26.0285827","-80.3125873","https://www.maryjorivero.com/contact/","","insert"
"l-0255","The Law Offices of Nishan C. Mahendran, P.A.","(954) 620-2028","1806 N Flamingo Rd Suite 318","Pembroke Pines","Broward","33028","1806 N Flamingo Rd Suite 318, Pembroke Pines, FL 33028","Immigration","https://www.mahendranlaw.com/","26.0285827","-80.3125873","https://www.mahendranlaw.com/","","insert"
"l-0256","Vasquez de Lara Law Group","(954) 324-2249","15800 Pines Blvd, Suite 300","Pembroke Pines","Broward","33027","15800 Pines Blvd, Suite 300, Pembroke Pines, FL 33027","Family Law","https://www.familylawprotection.com/","26.00784380977417","-80.35723760706126","https://www.familylawprotection.com/florida/locations/pembroke-pines/","","insert"
"l-0257","Carryl Law Firm PLLC","(954) 882-4386","150 S. Pine Island Road, Suite 300","Plantation","Broward","33324","150 S. Pine Island Road, Suite 300, Plantation, FL 33324","Estate Planning","https://carryllaw.com/","26.1184661","-80.2623444","https://carryllaw.com/","","insert"
"l-0258","Law Office of Carlos M. Amor, P.A.","(954) 453-7200","300 S. Pine Island Rd Ste 3032","Plantation","Broward","33324","300 S. Pine Island Rd Ste 3032, Plantation, FL 33324","Criminal Defense; Real Estate Law","https://cmapalaw.com/","26.11626","-80.261982","https://cmapalaw.com/contact/","","insert"
"l-0259","Law Office of Patricia Keyes","(954) 233-0682","111 N. Pine Island Rd. Suite 203","Plantation","Broward","33324","111 N. Pine Island Rd. Suite 203, Plantation, FL 33324","Estate Planning","https://www.mypklaw.org/","26.121122382799644","-80.26468811918497","https://www.mypklaw.org/","","insert"
"l-0260","Law Offices of Jeffrey Stoll","(954) 963-1995","7805 SW 6th Court","Plantation","Broward","33324","7805 SW 6th Court, Plantation, FL 33324","Estate Planning; Real Estate Law","https://www.stollfloridalawyer.com/","26.112316440643202","-80.25560263092946","https://www.stollfloridalawyer.com/contact","","insert"
"l-0261","Steven D. Miller, P.A.","(954) 472-0776","950 S. Pine Island Rd, Suite A150","Plantation","Broward","33324","950 S. Pine Island Rd, Suite A150, Plantation, FL 33324","Family Law","https://www.floridadivorceme.com/","26.109291016908408","-80.26178428259736","https://www.floridadivorceme.com/contact/","","insert"
"l-0262","Bilu Law","(954) 239-7386","2760 W Atlantic Blvd","Pompano Beach","Broward","33069","2760 W Atlantic Blvd, Pompano Beach, FL 33069","Business Law; Civil Litigation; Estate Planning; Real Estate Law","https://www.bilulaw.com/","26.231893918589613","-80.16833160383906","https://www.bilulaw.com/contact-us/","","insert"
"l-0263","Cabanas Law Firm","(954) 447-2580","1937 E Atlantic Blvd, Suite 102","Pompano Beach","Broward","33060","1937 E Atlantic Blvd, Suite 102, Pompano Beach, FL 33060","Family Law","https://cabanaslawfirm.com/","26.231603","-80.10446959183673","https://cabanaslawfirm.com/contact/","","insert"
"l-0264","Florida Planning & Probate","(954) 557-7368","1401 Sawgrass Corporate Parkway, Suite 212","Sunrise","Broward","33323","1401 Sawgrass Corporate Parkway, Suite 212, Sunrise, FL 33323","Business Law; Estate Planning","https://www.floridaplanningandprobate.com/","26.141431","-80.34094","https://www.floridaplanningandprobate.com/","","insert"
"l-0265","Law Offices of Jaime A. Aird, P.A.","(954) 866-7719","1401 NW 136 Ave Suite 102","Sunrise","Broward","33323","1401 NW 136 Ave Suite 102, Sunrise, FL 33323","Criminal Defense; Immigration; Personal Injury","https://www.jaimeaird.com/","26.13958","-80.33014","https://www.jaimeaird.com/contact/","","insert"
"l-0266","Law Offices of Mery Lopez","(954) 919-1988","13790 NW 4th Street","Sunrise","Broward","33325","13790 NW 4th Street, Sunrise, FL 33325","Estate Planning; Real Estate Law","https://www.lopezlawfl.com/","26.12547191388543","-80.33576013482994","https://www.lopezlawfl.com/contact","","insert"
"l-0267","Law Offices of E.F. Robinson","(954) 840-5301","4754 W. Commercial Blvd","Tamarac","Broward","33319","4754 W. Commercial Blvd, Tamarac, FL 33319","Estate Planning; Family Law","https://efrobinson.law/","26.189774100259175","-80.20962759023325","https://efrobinson.law/contact/","","insert"
"l-0268","RQR Immigration Law, P.A.","(954) 306-2068","4792 West Commercial Blvd","Tamarac","Broward","33319","4792 West Commercial Blvd, Tamarac, FL 33319","Immigration","https://www.rqrimmigration.com/","26.191015221653192","-80.21072075833166","https://www.rqrimmigration.com/","","insert"
"l-0269","Cabanas Law Firm","(954) 447-2580","2800 Weston Rd, Suite 101","Weston","Broward","33331","2800 Weston Rd, Suite 101, Weston, FL 33331","Family Law","https://cabanaslawfirm.com/","26.083252952579322","-80.37009286855272","https://cabanaslawfirm.com/family-law-attorney-weston/","","insert"
"l-0270","Carlos E. Sandoval Law Firm","(954) 871-0178","2645 Executive Park Dr #626","Weston","Broward","33331","2645 Executive Park Dr #626, Weston, FL 33331","Immigration","https://www.carlosesandoval.com/","26.0859062","-80.3742567","https://www.carlosesandoval.com/contact/","","insert"
"l-0271","Jonathan Kline, P.A.","(954) 888-4646","2761 Executive Park Drive","Weston","Broward","33331","2761 Executive Park Drive, Weston, FL 33331","Civil Litigation; Personal Injury; Real Estate Law","https://jklawfl.com/","26.0836853","-80.3735656","https://jklawfl.com/contact-us/","","insert"
"l-0272","Oppenheim Law","(954) 384-6114","2500 Weston Road, Suite 209","Weston","Broward","33331","2500 Weston Road, Suite 209, Weston, FL 33331","Business Law; Civil Litigation; Estate Planning; Personal Injury; Real Estate Law","https://www.oppenheimlaw.com/","26.0857307","-80.3698214","https://www.oppenheimlaw.com/contact-us/","","insert"
"l-0273","Rarick Trusts & Wills Law, P.A.","(305) 709-2858","2883 Executive Park Dr #101","Weston","Broward","33331","2883 Executive Park Dr #101, Weston, FL 33331","Business Law; Estate Planning","https://www.rblawfl.com/","26.0824064","-80.3727278","https://www.rblawfl.com/locations/weston/","","insert"
"l-0274","Rosenthal Law Group","(954) 384-9200","2103 North Commerce Parkway","Weston","Broward","33326","2103 North Commerce Parkway, Weston, FL 33326","Business Law; Civil Litigation; Real Estate Law","https://www.rosenthalcounsel.com/","26.096083","-80.365404","https://www.rosenthalcounsel.com/contact/","","insert"
"l-0275","Jacqueline A. Salcines, P.A.","(305) 669-5280","706 South Dixie Highway, Second Floor","Coral Gables","Miami-Dade","33146","706 South Dixie Highway, Second Floor, Coral Gables, FL 33146","Real Estate Law; Business Law; Civil Litigation","https://salcineslaw.com/","25.72227","-80.2669052","https://salcineslaw.com/contact-us/","","insert"
"l-0276","KEW Legal","(954) 738-6377","16690 Collins Ave, Suite 1101","Sunny Isles Beach","Miami-Dade","33160","16690 Collins Ave, Suite 1101, Sunny Isles Beach, FL 33160","Real Estate Law; Business Law; Civil Litigation","https://kewlegal.com/","25.927042516778524","-80.12235405369128","https://kewlegal.com/contact/","","insert"
"l-0277","KEW Legal","(954) 419-5593","201 Alhambra Cir, Suite 802","Coral Gables","Miami-Dade","33134","201 Alhambra Cir, Suite 802, Coral Gables, FL 33134","Real Estate Law; Business Law; Civil Litigation","https://kewlegal.com/","25.752655","-80.2591935","https://kewlegal.com/contact/","","insert"
"l-0278","Mancebo Law & Title","(305) 488-5721","250 Catalonia Ave, Suite 302","Coral Gables","Miami-Dade","33134","250 Catalonia Ave, Suite 302, Coral Gables, FL 33134","Real Estate Law; Family Law","https://www.mancebolaw.com/","25.7442697","-80.2596813","https://www.mancebolaw.com/contact/","","insert"
"l-0279","Law Offices of Dagmar Llaudy, PA","(305) 854-1775","1960 SW 27th Avenue","Miami","Miami-Dade","33145","1960 SW 27th Avenue, Miami, FL 33145","Real Estate Law; Civil Litigation; Business Law; Estate Planning","https://llaudylaw.com/","25.7529098","-80.2386505","https://llaudylaw.com/contact/","","insert"
"l-0280","Ulloa Law, LLC","(305) 921-9751","8333 NW 53rd Street, Suite 450","Doral","Miami-Dade","33166","8333 NW 53rd Street, Suite 450, Doral, FL 33166","Business Law; Civil Litigation; Family Law; Real Estate Law","https://ulloa-law.com/","25.821076","-80.3328685652174","https://ulloa-law.com/contact/","","insert"
"l-0281","WPO Law","(305) 400-2210","1989 NW 88th Court, Suite 101","Doral","Miami-Dade","33172","1989 NW 88th Court, Suite 101, Doral, FL 33172","Business Law; Civil Litigation; Estate Planning; Immigration","https://www.wpolaw.com/","25.7926568","-80.3386183","https://www.wpolaw.com/contact-us/","","insert"
"l-0282","Rarick Trusts & Wills Law, P.A.","(305) 709-2858","6500 Cow Pen Rd #204","Miami Lakes","Miami-Dade","33014","6500 Cow Pen Rd #204, Miami Lakes, FL 33014","Estate Planning; Business Law; Civil Litigation","https://www.rblawfl.com/","25.9151315","-80.3070193","https://www.rblawfl.com/contact-us/","","insert"
"l-0283","Bryant Law Firm","(305) 456-2777","5201 Blue Lagoon Dr #800","Miami","Miami-Dade","33126","5201 Blue Lagoon Dr #800, Miami, FL 33126","Estate Planning","https://www.miamiprobatefirm.com/","25.7832539","-80.2812171","https://www.miamiprobatefirm.com/contact/","","insert"
"l-0284","Luis E. Barreto & Associates, P.A.","(305) 358-1771","2600 S. Douglas Road, Suite 507","Coral Gables","Miami-Dade","33134","2600 S. Douglas Road, Suite 507, Coral Gables, FL 33134","Estate Planning; Civil Litigation","https://miamiprobate.com/","25.7549559","-80.2547642","https://miamiprobate.com/contact/","","insert"
"l-0285","Chepenik Trushin LLP","(305) 981-8889","12550 Biscayne Blvd, Suite 805","North Miami","Miami-Dade","33181","12550 Biscayne Blvd, Suite 805, North Miami, FL 33181","Estate Planning; Civil Litigation","https://www.miamifloridaestateplanninglawyer.com/","25.8922414","-80.1639156","https://www.miamifloridaestateplanninglawyer.com/contact-us/","","insert"
"l-0286","Miami Family Law Group, PLLC","(305) 520-7874","2665 South Bayshore Drive, Suite 100","Miami","Miami-Dade","33133","2665 South Bayshore Drive, Suite 100, Miami, FL 33133","Family Law; Estate Planning","https://miafamilylaw.com/","25.7312259","-80.2367652","https://miafamilylaw.com/contact-us/","","insert"
"l-0287","Xander Law Group, P.A.","(305) 767-2001","25 SE 2nd Ave #808","Miami","Miami-Dade","33131","25 SE 2nd Ave #808, Miami, FL 33131","Business Law; Civil Litigation","https://www.xanderlawgroup.com/","25.7737529","-80.1901314","https://www.xanderlawgroup.com/contact/","","insert"
"l-0288","Isriel Ponzoli, P.A.","(305) 577-4800","2121 S.W. 3rd Avenue, 7th Floor","Miami","Miami-Dade","33129","2121 S.W. 3rd Avenue, 7th Floor, Miami, FL 33129","Civil Litigation; Real Estate Law; Business Law; Family Law; Estate Planning","https://isrielponzoli.com/","25.757656","-80.204354","https://isrielponzoli.com/contact/","","insert"
"l-0289","Almazan Law","(305) 665-6681","7901 Ludlam Road, #100","Miami","Miami-Dade","33143","7901 Ludlam Road, #100, Miami, FL 33143","Civil Litigation; Real Estate Law","https://www.almazanlaw.com/","25.697126","-80.301152","https://www.almazanlaw.com/contact-us/","","insert"
"l-0290","Law Offices of Fishman-Sitbon, P.A.","(786) 529-2480","20900 NE 30th Ave, Suite 200","Aventura","Miami-Dade","33180","20900 NE 30th Ave, Suite 200, Aventura, FL 33180","Real Estate Law; Business Law","https://www.fsplegal.com/","25.9694879","-80.142689","https://www.fsplegal.com/contact-us","","insert"
"l-0291","Rosenthal Rosenthal Rasco PLLC","(305) 937-0300","20900 NE 30th Avenue, Suite 600","Aventura","Miami-Dade","33180","20900 NE 30th Avenue, Suite 600, Aventura, FL 33180","Civil Litigation; Business Law; Real Estate Law; Estate Planning","https://www.rrrlaw.com/","25.9694879","-80.142689","https://www.rrrlaw.com/contact-us/","","insert"
"l-0292","Pozo Goldstein, LLP","(305) 856-0400","3401 North Miami Avenue, Suite 235","Miami","Miami-Dade","33127","3401 North Miami Avenue, Suite 235, Miami, FL 33127","Immigration; Criminal Defense","https://pozogoldstein.com/","25.8092319","-80.1943415","https://pozogoldstein.com/contact/","","insert"
"l-0293","Santana Residency Law, P.A.","(305) 916-4800","3663 SW 8th St #206","Miami","Miami-Dade","33135","3663 SW 8th St #206, Miami, FL 33135","Immigration","https://www.srlawpa.com/","25.764795","-80.25443175","https://www.srlawpa.com/contact-us/","","insert"
"l-0294","Fromberg, Perlow & Kornik, P.A.","(754) 200-0442","20295 NE 29 Place #200","Aventura","Miami-Dade","33180","20295 NE 29 Place #200, Aventura, FL 33180","Real Estate Law; Business Law; Estate Planning","https://frombergperlowandkornik.com/","25.963111","-80.141627","https://frombergperlowandkornik.com/","","insert"
"l-0295","Law Offices of Rhonda F. Gelfman, P.A.","(305) 944-9120","115 N.W. 167th Street, 3rd Floor","North Miami Beach","Miami-Dade","33169","115 N.W. 167th Street, 3rd Floor, North Miami Beach, FL 33169","Immigration; Family Law; Estate Planning; Civil Litigation; Real Estate Law; Personal Injury; Criminal Defense","https://www.gelfmanassociates.com/","25.9282296","-80.2026899","https://www.gelfmanassociates.com/contact-us/","","insert"
"l-0296","The Law Office of Tatiane M. Silva, P.A.","(305) 895-2500","66 W Flagler St, 9th Floor","Miami","Miami-Dade","33130","66 W Flagler St, 9th Floor, Miami, FL 33130","Immigration","https://tmsilvalaw.com/","25.7740154","-80.1949179","https://tmsilvalaw.com/contact/","","insert"
"l-0297","Law Offices of Sugarman & Sugarman P.A.","(786) 409-2183","8525 SW 92 Street, Suite B5","Miami","Miami-Dade","33156","8525 SW 92 Street, Suite B5, Miami, FL 33156","Real Estate Law; Estate Planning","https://sugarmanlawmiami.com/","25.684449","-80.333121","https://sugarmanlawmiami.com/contact-us.html","","insert"
"l-0298","Arias Villa, PLLC","(305) 671-0018","9100 S Dadeland Blvd, #510","Miami","Miami-Dade","33156","9100 S Dadeland Blvd, #510, Miami, FL 33156","Immigration","https://ariasvilla.com/","25.6851049","-80.3146034","https://ariasvilla.com/contact/","","insert"
"l-0299","J. Muir & Associates, P.A.","(786) 533-1100","1900 North Bayshore Dr., Suite 1A","Miami","Miami-Dade","33132","1900 North Bayshore Dr., Suite 1A, Miami, FL 33132","Business Law; Civil Litigation","https://www.jmuirandassociates.com/","25.7945998","-80.1870339","https://www.jmuirandassociates.com/contact-us","","insert"
"l-0300","J. Muir & Associates, P.A.","(786) 533-1100","121 Alhambra Plaza, Suite 1500","Coral Gables","Miami-Dade","33134","121 Alhambra Plaza, Suite 1500, Coral Gables, FL 33134","Business Law; Civil Litigation","https://www.jmuirandassociates.com/","25.7525259","-80.2570742","https://www.jmuirandassociates.com/contact-us","","insert"
"l-0301","Gonzalez Law Offices, P.A.","(305) 676-6677","7765 SW 87th Avenue, Suite 100","Miami","Miami-Dade","33173","7765 SW 87th Avenue, Suite 100, Miami, FL 33173","Civil Litigation; Family Law; Estate Planning; Personal Injury","https://aglawoffices.com/","25.6973244","-80.3334284","https://aglawoffices.com/contact/","","insert"
"l-0302","Edelboim Lieberman","(305) 768-9909","2875 NE 191st Street, Penthouse One","Miami","Miami-Dade","33180","2875 NE 191st Street, Penthouse One, Miami, FL 33180","Civil Litigation; Business Law; Real Estate Law","https://elrolaw.com/","25.9528231","-80.1433747","https://elrolaw.com/contact/","","insert"
"l-0303","ESQ.title","(305) 501-2836","121 Alhambra Plaza, 15th Floor","Coral Gables","Miami-Dade","33134","121 Alhambra Plaza, 15th Floor, Coral Gables, FL 33134","Real Estate Law","https://www.esqtitle.law/","25.7525259","-80.2570742","https://www.esqtitle.law/contact-us/","","insert"
"l-0304","Norma Echarte & Associates","(305) 501-2844","2525 Ponce De Leon, Third Floor","Miami","Miami-Dade","33134","2525 Ponce De Leon, Third Floor, Miami, FL 33134","Real Estate Law; Business Law","https://www.nfelawpa.com/","25.7482134","-80.2581653","https://www.nfelawpa.com/contact-us/","","insert"
"l-0305","Korge & Korge, L.L.P.","(305) 444-5630","230 Palermo Avenue","Coral Gables","Miami-Dade","33134","230 Palermo Avenue, Coral Gables, FL 33134","Estate Planning; Business Law; Civil Litigation","https://www.korgelaw.com/","25.7453122","-80.259683","https://www.korgelaw.com/contact/","","insert"
"l-0306","McArdle Franco PLLC","(305) 442-2214","255 Alhambra Circle, STE 925","Coral Gables","Miami-Dade","33134","255 Alhambra Circle, STE 925, Coral Gables, FL 33134","Business Law; Civil Litigation; Real Estate Law","https://www.mcardlefranco.com/","25.75273","-80.2601565","https://www.mcardlefranco.com/contact/","","insert"
"l-0307","Saltiel Law Group","(305) 735-6565","201 Alhambra Circle, Suite 1050","Coral Gables","Miami-Dade","33134","201 Alhambra Circle, Suite 1050, Coral Gables, FL 33134","Business Law; Civil Litigation; Estate Planning","https://saltiellawgroup.com/","25.752655","-80.2591935","https://saltiellawgroup.com/contact/","","insert"
"l-0308","The Santos Law Offices, PA","(305) 506-1567","6741 SW 8th St","Miami","Miami-Dade","33144","6741 SW 8th St, Miami, FL 33144","Immigration","https://santoslawpa.com/","25.7633111","-80.3046877","https://santoslawpa.com/contact/","","insert"
"l-0309","The Law Offices of Barbara Buxton, P.A.","(305) 932-2293","20801 Biscayne Blvd, Suite 403-405","Aventura","Miami-Dade","33180","20801 Biscayne Blvd, Suite 403-405, Aventura, FL 33180","Estate Planning; Real Estate Law","https://www.buxtonlaw.com/","25.9679871","-80.1437685","https://www.buxtonlaw.com/contact-us/","","insert"
"l-0310","Yolanda Mendoza Law","(305) 419-2190","1001 Brickell Bay Drive, Suite 2700","Miami","Miami-Dade","33131","1001 Brickell Bay Drive, Suite 2700, Miami, FL 33131","Immigration","https://ymendozalaw.com/","25.764104","-80.189957","https://ymendozalaw.com/contact/","","insert"
"l-0311","Yolanda Mendoza Law","(305) 419-3334","3105 NW 107th Avenue, Suite 400","Doral","Miami-Dade","33172","3105 NW 107th Avenue, Suite 400, Doral, FL 33172","Immigration","https://ymendozalaw.com/","25.8028467","-80.3678319","https://ymendozalaw.com/contact/","","insert"
"l-0312","Yolanda Mendoza Law","(305) 419-2522","1000 5th Street, Suite 200","Miami Beach","Miami-Dade","33139","1000 5th Street, Suite 200, Miami Beach, FL 33139","Immigration","https://ymendozalaw.com/","25.7739601","-80.1385806","https://ymendozalaw.com/contact/","","insert"
"l-0313","The Law Office of Arianna M. Mendez, PLLC","(786) 442-2984","2300 West 84th Street, Suite 403","Hialeah","Miami-Dade","33016","2300 West 84th Street, Suite 403, Hialeah, FL 33016","Civil Litigation; Business Law; Real Estate Law; Estate Planning","https://www.amendezlaw.com/","25.896739","-80.3303019","https://www.amendezlaw.com/contact","","insert"
"l-0314","Pujol Law Offices, P.A.","(305) 447-0059","782 NW 42nd Ave, Suite 628","Miami","Miami-Dade","33126","782 NW 42nd Ave, Suite 628, Miami, FL 33126","Estate Planning; Real Estate Law","https://pujollaw.com/","25.77955","-80.2646114","https://pujollaw.com/contact/","","insert"
"l-0315","Portalatin Law Firm PLLC","(786) 788-8149","730 NW 107th Avenue, Suite 200","Miami","Miami-Dade","33172","730 NW 107th Avenue, Suite 200, Miami, FL 33172","Business Law","https://contractlawmiami.com/","25.776029458599126","-80.3696318874332","https://contractlawmiami.com/contact/","","insert"
"l-0316","Portalatin Law Firm PLLC","(786) 504-7487","8950 SW 74th Court, Suite 2201","Miami","Miami-Dade","33156","8950 SW 74th Court, Suite 2201, Miami, FL 33156","Business Law","https://contractlawmiami.com/","25.6870606","-80.3158442","https://contractlawmiami.com/contact/","","insert"
"l-0317","Boyer Law Firm, P.L.","(305) 921-9665","1395 Brickell Avenue, Suite 800","Miami","Miami-Dade","33131","1395 Brickell Avenue, Suite 800, Miami, FL 33131","Civil Litigation; Business Law; Estate Planning; Immigration; Family Law","https://boyerlawfirm.com/","25.7605546","-80.1916886","https://boyerlawfirm.com/contact-us/","","insert"
"l-0318","Laurence M. Krutchik, Esq.","(305) 537-6866","7450 SW 172nd Street","Palmetto Bay","Miami-Dade","33157","7450 SW 172nd Street, Palmetto Bay, FL 33157","Personal Injury; Civil Litigation; Real Estate Law","https://lmklegal.com/","25.6114241","-80.3135454","https://lmklegal.com/contact/","","insert"
"l-0319","Oppenheim Law","(954) 384-6114","701 Brickell Avenue, Suite 1550","Miami","Miami-Dade","33131","701 Brickell Avenue, Suite 1550, Miami, FL 33131","Real Estate Law; Business Law; Civil Litigation; Estate Planning; Personal Injury","https://www.oppenheimlaw.com/","25.7670363","-80.1890751","https://www.oppenheimlaw.com/contact-us/","","insert"
"l-0320","Mantese Honigman, PC","(305) 859-3440","951 N.E. 83rd Street","Miami","Miami-Dade","33138","951 N.E. 83rd Street, Miami, FL 33138","Business Law; Civil Litigation; Real Estate Law","https://manteselaw.com/","25.8521107","-80.1770178","https://manteselaw.com/locations/business-lawyer-miami/","","insert"
"l-0321","Trust Counsel","(305) 707-7126","201 Alhambra Circle, Suite 802","Coral Gables","Miami-Dade","33134","201 Alhambra Circle, Suite 802, Coral Gables, FL 33134","Estate Planning; Civil Litigation","https://trustcounsel.com/","25.752655","-80.2591935","https://trustcounsel.com/contact/","","insert"
"l-0322","Perlin Estate Planning & Probate","(305) 443-3104","201 Alhambra Circle, Suite 503","Coral Gables","Miami-Dade","33134","201 Alhambra Circle, Suite 503, Coral Gables, FL 33134","Estate Planning","https://perlinestateplanning.com/","25.752655","-80.2591935","https://perlinestateplanning.com/contact/","","insert"
"l-0323","Gautier & Hasty, P.L.","(305) 447-0766","55 Merrick Way, Suite 400","Coral Gables","Miami-Dade","33134","55 Merrick Way, Suite 400, Coral Gables, FL 33134","Family Law; Estate Planning","https://www.ghlawyers.com/","25.7508366","-80.2550142","https://www.ghlawyers.com/contact-us/","","insert"
"l-0324","Lorenzo Law","(305) 224-6811","2850 Douglas Rd Ste 303","Coral Gables","Miami-Dade","33134","2850 Douglas Rd Ste 303, Coral Gables, FL 33134","Estate Planning; Civil Litigation","https://joselorenzolaw.com/","25.746041","-80.254714","https://joselorenzolaw.com/contact/","","insert"
"l-0325","Law Office of Ben Ezra Eran","(305) 912-7777","1830 NE 163rd Street","Miami","Miami-Dade","33162","1830 NE 163rd Street, Miami, FL 33162","Immigration; Criminal Defense","https://cislawoffice.com/","25.9256695","-80.1632285","https://cislawoffice.com/contact/","","insert"
"l-0326","Lisinski Law Firm","(786) 744-5144","6303 Waterford District Dr, Suite 400","Miami","Miami-Dade","33126","6303 Waterford District Dr, Suite 400, Miami, FL 33126","Immigration","https://lisinskifirm.com/","25.781397","-80.288055","https://lisinskifirm.com/en/locations/miami-office/","","insert"
"l-0327","Association Law Group","(305) 938-6922","1100 Brickell Bay Drive, Suite 5200","Miami","Miami-Dade","33131","1100 Brickell Bay Drive, Suite 5200, Miami, FL 33131","Real Estate Law; Civil Litigation","https://www.algpl.com/","25.7630472","-80.1904475","https://www.algpl.com/contact-us/","","insert"
"l-0328","Solnick Law","(786) 629-6530","3363 N.E. 163rd Street, Unit 801","North Miami Beach","Miami-Dade","33160","3363 N.E. 163rd Street, Unit 801, North Miami Beach, FL 33160","Business Law; Civil Litigation; Real Estate Law","https://solnicklaw.com/","25.9286832","-80.1364046","https://solnicklaw.com/contact/","","insert"
"l-0329","Abolsky & Associates, P.A.","(305) 570-9705","1474 N. Homestead Blvd","Homestead","Miami-Dade","33030","1474 N. Homestead Blvd, Homestead, FL 33030","Business Law; Civil Litigation; Real Estate Law; Estate Planning; Immigration; Family Law; Criminal Defense","https://abolskylegal.com/","25.4837","-80.461963","https://abolskylegal.com/contact/","","insert"
"l-0330","Steszewski Law","(305) 631-2438","15100 NW 67th Ave. Suite 204","Miami Lakes","Miami-Dade","33014","15100 NW 67th Ave. Suite 204, Miami Lakes, FL 33014","Estate Planning; Real Estate Law; Civil Litigation; Personal Injury","https://steszewskilaw.com/","25.9105465","-80.3092112","https://steszewskilaw.com/contact/","","insert"
"l-0331","Law Offices of Grace Gomez Molinaro","(305) 722-0733","10661 N. Kendall Drive, Suite 223","Miami","Miami-Dade","33176","10661 N. Kendall Drive, Suite 223, Miami, FL 33176","Immigration","https://gomezimmigration.com/","25.6879771","-80.3652889","https://gomezimmigration.com/locations/miami","","insert"
"l-0332","Mila Lopata, P.A.","(786) 999-6494","15807 Biscayne Boulevard, Suite 213","North Miami Beach","Miami-Dade","33160","15807 Biscayne Boulevard, Suite 213, North Miami Beach, FL 33160","Real Estate Law","https://www.milalaw.com/","25.9199719","-80.1557294","https://www.milalaw.com/contact/","","insert"
"l-0333","Adam Law Group","(904) 329-7249","2258 Riverside Avenue","Jacksonville","Duval","32204","2258 Riverside Avenue, Jacksonville, FL 32204","Real Estate Law; Business Law","https://adamlawgroup.com/","30.3098739","-81.6856047","https://adamlawgroup.com/contact/","","insert"
"l-0334","Jimenez Law Firm, P.A.","(904) 559-5600","1443 San Marco Blvd. Suite 201","Jacksonville","Duval","32207","1443 San Marco Blvd. Suite 201, Jacksonville, FL 32207","Personal Injury; Real Estate Law","https://www.jimenez-lawfirm.com/","30.311185","-81.660446","https://www.jimenez-lawfirm.com/contact/","","insert"
"l-0335","Edwards & Edwards, P.A.","(904) 454-4881","6620 Southpoint Dr South, Suite 200","Jacksonville","Duval","32216","6620 Southpoint Dr South, Suite 200, Jacksonville, FL 32216","Real Estate Law; Estate Planning; Business Law; Family Law; Immigration; Criminal Defense; Personal Injury","https://www.edwardsedwardslaw.com/","30.2518641","-81.5915015","https://www.edwardsedwardslaw.com/","","insert"
"l-0336","The Law Office of Katherine Schnauss Naugle, P.L.","(904) 643-6342","810 Margaret St.","Jacksonville","Duval","32204","810 Margaret St., Jacksonville, FL 32204","Estate Planning","https://jaxlawteam.com/","30.3175511","-81.6827181","https://jaxlawteam.com/contact/","","insert"
"l-0337","Fisher, Tousey, Leas & Ball, P.A.","(904) 356-2600","501 Riverside Avenue, Suite 700","Jacksonville","Duval","32202","501 Riverside Avenue, Suite 700, Jacksonville, FL 32202","Business Law; Real Estate Law; Civil Litigation; Estate Planning","https://www.fishertousey.com/","30.3205009","-81.6742465","https://www.fishertousey.com/contact-us/","","insert"
"l-0338","Fisher, Tousey, Leas & Ball, P.A.","(904) 285-2601","818 North A1A, Suite 104","Ponte Vedra Beach","St. Johns","32082","818 North A1A, Suite 104, Ponte Vedra Beach, FL 32082","Business Law; Real Estate Law; Civil Litigation; Estate Planning","https://www.fishertousey.com/","30.1483352","-81.3736444","https://www.fishertousey.com/contact-us/","","insert"
"l-0339","Fisher, Tousey, Leas & Ball, P.A.","(904) 829-9066","780 N Ponce de Leon Boulevard","St. Augustine","St. Johns","32084","780 N Ponce de Leon Boulevard, St. Augustine, FL 32084","Business Law; Real Estate Law; Civil Litigation; Estate Planning","https://www.fishertousey.com/","29.897941985163964","-81.32014054880872","https://www.fishertousey.com/contact-us/","","insert"
"l-0340","Fisher, Tousey, Leas & Ball, P.A.","(904) 819-6959","701 Market Street, Suite 109","St. Augustine","St. Johns","32095","701 Market Street, Suite 109, St. Augustine, FL 32095","Business Law; Real Estate Law; Civil Litigation; Estate Planning","https://www.fishertousey.com/","30.025126","-81.387144","https://www.fishertousey.com/contact-us/","","insert"
"l-0341","Fisher, Tousey, Leas & Ball, P.A.","(904) 321-1220","5211 South Fletcher Avenue, Suite 260","Amelia Island","Nassau","32034","5211 South Fletcher Avenue, Suite 260, Amelia Island, FL 32034","Business Law; Real Estate Law; Civil Litigation; Estate Planning","https://www.fishertousey.com/","30.596087179621602","-81.45191517339337","https://www.fishertousey.com/contact-us/","","insert"
"l-0342","Three Oaks Law","(904) 397-4444","13500 Sutton Park Dr. S, Suite 601","Jacksonville","Duval","32224","13500 Sutton Park Dr. S, Suite 601, Jacksonville, FL 32224","Estate Planning; Business Law; Family Law","https://threeoakslaw.com/","30.2592362","-81.460445","https://threeoakslaw.com/contact/","","insert"
"l-0343","Three Oaks Law","(904) 397-4444","7308 N. Main Street","Jacksonville","Duval","32208","7308 N. Main Street, Jacksonville, FL 32208","Estate Planning; Business Law; Family Law","https://threeoakslaw.com/","30.3584501","-81.6537708","https://threeoakslaw.com/contact/","","insert"
"l-0344","Rebecca Black Immigration, PA","(904) 999-4928","4830 Atlantic Blvd.","Jacksonville","Duval","32207","4830 Atlantic Blvd., Jacksonville, FL 32207","Immigration","https://www.rebeccablacklaw.com/","30.309511290767517","-81.6138903855264","https://www.rebeccablacklaw.com/contact","","insert"
"l-0345","Bilbao Law, LLC","(904) 877-4895","301 W Bay Street, Suite 1449","Jacksonville","Duval","32202","301 W Bay Street, Suite 1449, Jacksonville, FL 32202","Immigration","https://www.bilbaolaw.com/","30.3276347","-81.6623353","https://www.bilbaolaw.com/contact","","insert"
"l-0346","Law Office of Karen Winston, LLC","(904) 740-3690","4623 Park Street","Jacksonville","Duval","32205","4623 Park Street, Jacksonville, FL 32205","Immigration","https://www.kwinstonlaw.com/","30.2922733","-81.7246207","https://www.kwinstonlaw.com/","","insert"
"l-0347","Law Office of David M. Goldman PLLC","(904) 685-1200","4115 Hendricks Ave","Jacksonville","Duval","32207","4115 Hendricks Ave, Jacksonville, FL 32207","Estate Planning; Real Estate Law; Business Law","https://www.jacksonvillelawyer.pro/","30.27825903234719","-81.6505083004229","https://www.jacksonvillelawyer.pro/contact-us/","skip — same office as l-096, 4115 Hendricks Ave Jacksonville","skip"
"l-0348","Law Office of David M. Goldman PLLC","(904) 425-1910","822 A1A N #310","Ponte Vedra Beach","St. Johns","32082","822 A1A N #310, Ponte Vedra Beach, FL 32082","Estate Planning; Real Estate Law; Business Law","https://www.jacksonvillelawyer.pro/","30.198851","-81.380382","https://www.jacksonvillelawyer.pro/contact-us/","","insert"
"l-0349","The DeVries Law Firm, P.A.","(904) 348-0030","644 Cesery Blvd. Suite 250","Jacksonville","Duval","32211","644 Cesery Blvd. Suite 250, Jacksonville, FL 32211","Real Estate Law; Estate Planning; Business Law; Family Law; Personal Injury","https://devrieslegal.com/","30.3245081","-81.5973825","https://devrieslegal.com/contact/","","insert"
"l-0350","St. Johns Law Group, P.A.","(904) 495-0400","104 Sea Grove Main Street","St. Augustine","St. Johns","32080","104 Sea Grove Main Street, St. Augustine, FL 32080","Real Estate Law; Business Law; Civil Litigation; Estate Planning; Family Law; Personal Injury","https://www.sjlawgroup.com/","29.84046","-81.2708","https://www.sjlawgroup.com/contact-us/","skip — same office as l-099, 104 Sea Grove Main St","skip"
"l-0351","Grady H. Williams, Jr., LL.M., Attorneys at Law, P.A.","(904) 264-8800","1543 Kingsley Avenue, Building 5","Orange Park","Clay","32073","1543 Kingsley Avenue, Building 5, Orange Park, FL 32073","Estate Planning","https://www.floridaelder.com/","30.16526079894637","-81.72802977980825","https://www.floridaelder.com/contact-us/","skip — (904) 264-8800 is listed for l-112 John J. Rahaim; unresolved conflict","skip"
"l-0352","Ansbacher Law","(904) 513-2562","10151 Deerwood Park Blvd, Building 100, Suite 400","Jacksonville","Duval","32256","10151 Deerwood Park Blvd, Building 100, Suite 400, Jacksonville, FL 32256","Real Estate Law; Business Law; Civil Litigation; Personal Injury","https://www.ansbacher.net/","30.2413677","-81.5491132","https://www.ansbacher.net/","","insert"
"l-0353","Ansbacher Law","(904) 513-2562","500 3rd Street South","Jacksonville Beach","Duval","32250","500 3rd Street South, Jacksonville Beach, FL 32250","Real Estate Law; Business Law; Civil Litigation; Personal Injury","https://www.ansbacher.net/","30.2832773","-81.3911157","https://www.ansbacher.net/","","insert"
"l-0354","Ansbacher Law","(904) 513-2562","1650 U.S.-1, Suite 201","St. Augustine","St. Johns","32084","1650 U.S.-1, Suite 201, St. Augustine, FL 32084","Real Estate Law; Business Law; Civil Litigation; Personal Injury","https://www.ansbacher.net/","29.872153","-81.322952","https://www.ansbacher.net/","","insert"
"l-0355","Marks Gray, P.A.","(904) 398-0900","1200 Riverplace Boulevard, Suite 800","Jacksonville","Duval","32207","1200 Riverplace Boulevard, Suite 800, Jacksonville, FL 32207","Business Law; Civil Litigation; Real Estate Law; Immigration; Estate Planning","https://marksgray.com/","30.318470353535353","-81.65799216161616","https://marksgray.com/contact/","","insert"
"l-0356","Marks Gray, P.A.","(904) 807-2199","319 W Town Pl STE 27","St. Augustine","St. Johns","32092","319 W Town Pl STE 27, St. Augustine, FL 32092","Business Law; Civil Litigation; Real Estate Law; Immigration; Estate Planning","https://marksgray.com/","29.984773","-81.469153","https://marksgray.com/contact/","","insert"
"l-0357","Marks Gray, P.A.","(904) 285-8760","105 Solana Road, Suite B","Ponte Vedra Beach","St. Johns","32082","105 Solana Road, Suite B, Ponte Vedra Beach, FL 32082","Business Law; Civil Litigation; Real Estate Law; Immigration; Estate Planning","https://marksgray.com/","30.227485738037842","-81.38566627114227","https://marksgray.com/contact/","","insert"
"l-0358","Boyer Law Firm, P.L.","(904) 236-5317","9471 Baymeadows Road, Suite 406","Jacksonville","Duval","32256","9471 Baymeadows Road, Suite 406, Jacksonville, FL 32256","Civil Litigation; Business Law; Immigration; Estate Planning; Family Law","https://boyerlawfirm.com/","30.2215553","-81.563045","https://boyerlawfirm.com/contact/","","insert"
"l-0359","Murphy & Anderson","(904) 598-9282","1501 San Marco Boulevard","Jacksonville","Duval","32207","1501 San Marco Boulevard, Jacksonville, FL 32207","Civil Litigation; Personal Injury; Criminal Defense","https://murphyandersonlaw.com/","30.310359","-81.660446","https://murphyandersonlaw.com/contact/","","insert"
"l-0360","Ponte Vedra Law Group, LLC","(904) 405-1250","820 A1A North, Suite W-15","Ponte Vedra Beach","St. Johns","32082","820 A1A North, Suite W-15, Ponte Vedra Beach, FL 32082","Business Law; Real Estate Law; Estate Planning; Civil Litigation","https://pvlawoffices.com/","30.199218","-81.381498","https://pvlawoffices.com/contact/","","insert"
"l-0361","Ponte Vedra Law Group, LLC","(904) 405-1250","333-1 E. Monroe Street","Jacksonville","Duval","32202","333-1 E. Monroe Street, Jacksonville, FL 32202","Business Law; Real Estate Law; Estate Planning; Civil Litigation","https://pvlawoffices.com/","30.3276067","-81.6526006","https://pvlawoffices.com/contact/","","insert"
"l-0362","Taylor, Day, Grimm & Boyd","(904) 356-0700","50 North Laura Street, Suite 3500","Jacksonville","Duval","32202","50 North Laura Street, Suite 3500, Jacksonville, FL 32202","Civil Litigation; Business Law; Personal Injury","https://www.taylordaylaw.com/","30.327064","-81.6598014","https://www.taylordaylaw.com/","","insert"
"l-0363","Rock Solid Law & Title","(904) 241-1113","220 Ponte Vedra Park Drive, Suite 280","Ponte Vedra Beach","St. Johns","32082","220 Ponte Vedra Park Drive, Suite 280, Ponte Vedra Beach, FL 32082","Real Estate Law; Estate Planning; Business Law","https://www.rocksolidlaw.com/","30.246584205067492","-81.38803953181004","https://www.rocksolidlaw.com/","","insert"
"l-0364","PLG Law","(904) 513-7563","13475 Atlantic Blvd #8, Suite 803","Jacksonville","Duval","32225","13475 Atlantic Blvd #8, Suite 803, Jacksonville, FL 32225","Business Law; Estate Planning","https://plglawyer.com/","30.3220864","-81.4535326","https://plglawyer.com/contact/","","insert"
"l-0365","Maney | Gordon | Zeller, P.A.","(904) 530-5771","6260 Dupont Station Court, Suite A","Jacksonville","Duval","32217","6260 Dupont Station Court, Suite A, Jacksonville, FL 32217","Immigration","https://www.maneygordon.com/","30.2572839","-81.6232197","https://www.maneygordon.com/jacksonville/","","insert"
"l-0366","Blackburn & Company, L.C.","(904) 296-7713","5150 Belfort Road South, Building 500","Jacksonville","Duval","32256","5150 Belfort Road South, Building 500, Jacksonville, FL 32256","Business Law; Estate Planning","http://www.blackburnandco.com/","30.244435","-81.583562","http://www.blackburnandco.com/","","insert"
"l-0367","Law Office Of Douglas A. Oberdorfer, P.A.","(904) 354-5454","432 East Monroe Street, 2nd Floor","Jacksonville","Duval","32202","432 East Monroe Street, 2nd Floor, Jacksonville, FL 32202","Estate Planning","https://www.oberdorferlaw.com/","30.3269444","-81.6514086","https://www.oberdorferlaw.com/contact/","","insert"
"l-0368","Rogers Towers PA","(904) 398-3911","1301 Riverplace Boulevard, Suite 1500","Jacksonville","Duval","32207","1301 Riverplace Boulevard, Suite 1500, Jacksonville, FL 32207","Civil Litigation; Business Law; Real Estate Law; Estate Planning","https://www.rtlaw.com/","30.31862","-81.657085","https://www.rtlaw.com/locations/","","insert"
"l-0369","Rogers Towers PA","(904) 473-1400","818 A1A N., Suite 208","Ponte Vedra Beach","St. Johns","32082","818 A1A N., Suite 208, Ponte Vedra Beach, FL 32082","Civil Litigation; Business Law; Real Estate Law; Estate Planning","https://www.rtlaw.com/","30.20038211883564","-81.38033493434845","https://www.rtlaw.com/locations/","","insert"
"l-0370","Rogers Towers PA","(904) 261-5618","960185 Gateway Boulevard, Suite 203","Amelia Island","Nassau","32034","960185 Gateway Boulevard, Suite 203, Amelia Island, FL 32034","Civil Litigation; Business Law; Real Estate Law; Estate Planning","https://www.rtlaw.com/","30.6298776","-81.4714992","https://www.rtlaw.com/locations/","","insert"
"l-0371","Rogers Towers PA","(904) 824-0879","100 Whetstone Place, Suite 200","St. Augustine","St. Johns","32086","100 Whetstone Place, Suite 200, St. Augustine, FL 32086","Civil Litigation; Business Law; Real Estate Law; Estate Planning","https://www.rtlaw.com/","29.866113","-81.318687","https://www.rtlaw.com/locations/","","insert"
"l-0372","Amelia Law Group, PLLC","(904) 310-9501","960194 Gateway Boulevard, Suite 101","Fernandina Beach","Nassau","32034","960194 Gateway Boulevard, Suite 101, Fernandina Beach, FL 32034","Business Law; Estate Planning","https://amelialawgroup.com/","30.6298776","-81.4714992","https://amelialawgroup.com/contact","","insert"
"l-0373","Wood & Smith, P.A.","(904) 277-4666","303 Centre Street, Suite 100","Fernandina Beach","Nassau","32034","303 Centre Street, Suite 100, Fernandina Beach, FL 32034","Real Estate Law; Business Law","https://www.woodandsmithlaw.com/","30.671282190774324","-81.46280305911054","https://www.woodandsmithlaw.com/contact-us","","insert"
"l-0374","Poole & Poole PA","(904) 261-0742","303 Centre St, Suite 200","Fernandina Beach","Nassau","32034","303 Centre St, Suite 200, Fernandina Beach, FL 32034","Civil Litigation; Business Law; Real Estate Law; Estate Planning","https://pooleandpoolelaw.com/","30.671282190774324","-81.46280305911054","https://pooleandpoolelaw.com/contact/","","insert"
"l-0375","Romanello Goode, P.L.","(904) 247-1755","320 1st Street North, Suite 613","Jacksonville Beach","Duval","32250","320 1st Street North, Suite 613, Jacksonville Beach, FL 32250","Real Estate Law; Business Law; Civil Litigation","https://romanellogoode.com/","30.291905","-81.3903859","https://romanellogoode.com/contact/","","insert"
"l-0376","Romanello Goode, P.L.","(904) 384-1441","1919 Blanding Boulevard","Jacksonville","Duval","32210","1919 Blanding Boulevard, Jacksonville, FL 32210","Real Estate Law; Business Law; Civil Litigation","https://romanellogoode.com/","30.283710734693877","-81.72531195918368","https://romanellogoode.com/contact/","","insert"
"l-0377","Tolson & Associates, P.A.","(904) 269-0050","462 Kingsley Avenue, Suite 101","Orange Park","Clay","32073","462 Kingsley Avenue, Suite 101, Orange Park, FL 32073","Estate Planning; Real Estate Law","https://tolsonandassociates.com/","30.1656728649366","-81.70402998276751","https://tolsonandassociates.com/","","insert"
"l-0378","Ginn & Patrou, PA","(904) 461-3000","460 A1A Beach Blvd.","St. Augustine","St. Johns","32080","460 A1A Beach Blvd., St. Augustine, FL 32080","Estate Planning; Business Law; Real Estate Law","https://ginnpatrou.com/","29.853167606060605","-81.26719584848485","https://ginnpatrou.com/contact/","","insert"
"l-0379","Kelley & Kelley, P.L.","(904) 819-9706","700 Plantation Island Drive South, Suite 206","St. Augustine","St. Johns","32080","700 Plantation Island Drive South, Suite 206, St. Augustine, FL 32080","Estate Planning; Business Law; Civil Litigation","https://www.kelleyandkelley.com/","29.86224502331577","-81.29350317052561","https://www.kelleyandkelley.com/contact","","insert"
"l-0380","St. Augustine Law Group, P.A.","(904) 990-7777","2740 U.S. 1","St. Augustine","St. Johns","32086","2740 U.S. 1, St. Augustine, FL 32086","Business Law; Civil Litigation; Real Estate Law; Estate Planning","https://www.staugustinelawgroup.com/","29.8214238","-81.3201467","https://www.staugustinelawgroup.com/","","insert"
"l-0381","Old City Law, PLLC","(904) 829-6383","1 Riberia Street","St. Augustine","St. Johns","32084","1 Riberia Street, St. Augustine, FL 32084","Business Law; Real Estate Law; Estate Planning","https://www.oldcitylaw.com/","29.897253","-81.319077","http://www.oldcitylaw.com/st-augustine/contact","","insert"
"l-0382","WaveCrest Legal, P.A.","(904) 595-5290","419 Third Street N.","Jacksonville Beach","Duval","32250","419 Third Street N., Jacksonville Beach, FL 32250","Estate Planning; Business Law","https://www.wavecrestlegal.com/","30.2839948","-81.3908316","https://www.wavecrestlegal.com/contact","","insert"
"l-0383","Daniel M. Copeland, Attorney at Law, P.A.","(904) 482-0616","9310 Old Kings Road South, Suite 1501","Jacksonville","Duval","32257","9310 Old Kings Road South, Suite 1501, Jacksonville, FL 32257","Real Estate Law; Civil Litigation; Business Law; Estate Planning","https://www.dmcopelandlaw.com/","30.2089245","-81.5845717","https://www.dmcopelandlaw.com/contact-us/","","insert"
"l-0384","Cavanaugh Law Group","(904) 712-6997","3840 Belfort Rd., Suite 106","Jacksonville","Duval","32216","3840 Belfort Rd., Suite 106, Jacksonville, FL 32216","Immigration","https://www.wmc-law.com/","30.2594208","-81.5801549","https://www.wmc-law.com/contact-us","","insert"
"l-0385","The Law Office of Joanne M. Fakhre","(904) 296-9232","1930 San Marco Blvd., Suite 203","Jacksonville","Duval","32207","1930 San Marco Blvd., Suite 203, Jacksonville, FL 32207","Immigration","https://www.fakhrelaw.com/","30.3040159","-81.6560751","https://www.fakhrelaw.com/contact-us/","","insert"
"l-0386","Sahyers Firm LLC","(904) 775-7303","3577 Cardinal Point Dr. 1st Floor","Jacksonville","Duval","32257","3577 Cardinal Point Dr. 1st Floor, Jacksonville, FL 32257","Business Law; Civil Litigation; Real Estate Law; Estate Planning; Family Law","https://sahyerslaw.com/","30.2064745","-81.6201191","https://sahyerslaw.com/contact/","","insert"
"l-0387","Boyd & Jenerette, P.A.","(904) 353-6241","201 North Hogan Street, Suite 400","Jacksonville","Duval","32202","201 North Hogan Street, Suite 400, Jacksonville, FL 32202","Civil Litigation; Business Law; Personal Injury","https://www.boydjen.com/","30.3283972","-81.6599275","https://www.boydjen.com/contact/","","insert"
"l-0388","Lippes Mathias LLP","(904) 660-0020","10151 Deerwood Park Blvd., Bldg. 300, Suite 300","Jacksonville","Duval","32256","10151 Deerwood Park Blvd., Bldg. 300, Suite 300, Jacksonville, FL 32256","Business Law; Civil Litigation; Real Estate Law; Estate Planning","https://www.lippes.com/","30.2413677","-81.5491132","https://www.lippes.com/contact/jacksonville-3","","insert"
"l-0389","Campione Law P.A.","(904) 990-8400","501 W. Bay Street","Jacksonville","Duval","32202","501 W. Bay Street, Jacksonville, FL 32202","Real Estate Law; Business Law; Civil Litigation; Personal Injury; Criminal Defense","https://campionelawpa.com/","30.3275048","-81.6644908","https://campionelawpa.com/contact/","","insert"
"l-0390","Kolar Law, P.A.","(904) 396-0009","4035 Atlantic Boulevard","Jacksonville","Duval","32207","4035 Atlantic Boulevard, Jacksonville, FL 32207","Civil Litigation; Business Law; Real Estate Law; Estate Planning","https://www.kolarlawfirm.com/","30.306763176204125","-81.62332084075354","https://www.kolarlawfirm.com/contact/","","insert"
"l-0391","Bernard & Schemer, P.A.","(904) 751-6980","480 Busch Drive","Jacksonville","Duval","32218","480 Busch Drive, Jacksonville, FL 32218","Real Estate Law; Estate Planning; Family Law; Criminal Defense","https://www.bernardlaw.net/","30.42999481342221","-81.64266991262886","https://www.bernardlaw.net/contact","","insert"
"l-0392","Bernard & Schemer, P.A.","(904) 671-9901","300 Kingsley Lake Drive #401A","St. Augustine","St. Johns","32092","300 Kingsley Lake Drive #401A, St. Augustine, FL 32092","Real Estate Law; Estate Planning; Family Law; Criminal Defense","https://www.bernardlaw.net/","30.05802","-81.514789","https://www.bernardlaw.net/contact","","insert"
"l-0393","Crockett Law P.L.","(904) 247-4831","10033 Sawgrass Drive West, Suite 125","Ponte Vedra Beach","St. Johns","32082","10033 Sawgrass Drive West, Suite 125, Ponte Vedra Beach, FL 32082","Real Estate Law; Business Law; Civil Litigation","https://crockettlawpl.com/","30.18827800541325","-81.37817797022713","https://crockettlawpl.com/contact/","","insert"
"l-0394","Owenby Law, P.A.","(904) 770-3141","6136 Atlantic Boulevard","Jacksonville","Duval","32211","6136 Atlantic Boulevard, Jacksonville, FL 32211","Family Law; Estate Planning; Criminal Defense","https://www.owenbylaw.com/","30.31343585714286","-81.59757671428572","https://www.owenbylaw.com/contact-us/","","insert"
"l-0395","Weldon Law Group, PLLC","(904) 322-7980","334 E Duval St","Jacksonville","Duval","32202","334 E Duval St, Jacksonville, FL 32202","Immigration; Family Law; Estate Planning; Criminal Defense","https://www.weldonlegal.com/","30.3280014","-81.6525976","https://www.weldonlegal.com/contact-us/","","insert"
"l-0396","Perez Mayoral, P.A.","(904) 915-5560","6015 Chester Circle, Suite 212","Jacksonville","Duval","32217","6015 Chester Circle, Suite 212, Jacksonville, FL 32217","Business Law; Civil Litigation; Real Estate Law","https://www.pmlawfla.com/","30.2621332","-81.6223314","https://www.pmlawfla.com/contact/","","insert"
"l-0397","St. Denis & Davey","(904) 396-1996","1300 Riverplace Blvd #401","Jacksonville","Duval","32207","1300 Riverplace Blvd #401, Jacksonville, FL 32207","Civil Litigation","https://www.stdenisdavey.com/","30.318455","-81.657082","https://www.stdenisdavey.com/contact-us/","","insert"
"l-0398","Winderweedle, Haines, Ward & Woodman, P.A.","(407) 423-4246","329 N Park Ave #2","Winter Park","Orange","32789","329 N Park Ave #2, Winter Park, FL 32789","Real Estate Law; Business Law; Civil Litigation; Estate Planning","https://www.whww.com/","28.6001757","-81.3511835","https://www.whww.com/contact-us/","","insert"
"l-0399","The FL Closing Attorney","(407) 698-3446","4700 Millenia Blvd Suite 175","Orlando","Orange","32839","4700 Millenia Blvd Suite 175, Orlando, FL 32839","Real Estate Law; Estate Planning; Civil Litigation","https://theflclosingattorney.com/","28.4846415","-81.4400838","https://theflclosingattorney.com/contact/","","insert"
"l-0400","The FL Closing Attorney","(407) 698-3446","163 E. Morse Blvd Suite 220","Winter Park","Orange","32789","163 E. Morse Blvd Suite 220, Winter Park, FL 32789","Real Estate Law; Estate Planning; Civil Litigation","https://theflclosingattorney.com/","28.5979729","-81.35002","https://theflclosingattorney.com/contact/","","insert"
"l-0401","The FL Closing Attorney","(407) 698-3446","3735 S. Hwy 27","Clermont","Lake","34711","3735 S. Hwy 27, Clermont, FL 34711","Real Estate Law; Estate Planning; Civil Litigation","https://theflclosingattorney.com/","28.5374559","-81.7255152","https://theflclosingattorney.com/contact/","","insert"
"l-0402","The FL Closing Attorney","(407) 698-3446","255 Primera Blvd Suite 160","Lake Mary","Seminole","32746","255 Primera Blvd Suite 160, Lake Mary, FL 32746","Real Estate Law; Estate Planning; Civil Litigation","https://theflclosingattorney.com/","28.760436","-81.356767","https://theflclosingattorney.com/contact/","","insert"
"l-0403","Cipparone & Cipparone","(321) 275-5914","1525 International Parkway Suite 1011","Lake Mary","Seminole","32746","1525 International Parkway Suite 1011, Lake Mary, FL 32746","Business Law; Civil Litigation; Real Estate Law; Estate Planning","https://www.cipparonepa.com/","28.784642382181506","-81.35785746391535","https://www.cipparonepa.com/contact-us/","","insert"
"l-0404","BCN Law Firm","(352) 394-2103","1635 E. Hwy 50 Suite 300","Clermont","Lake","34711","1635 E. Hwy 50 Suite 300, Clermont, FL 34711","Estate Planning; Real Estate Law; Civil Litigation; Business Law; Family Law; Personal Injury; Criminal Defense","https://www.bcnlawfirm.com/","28.5451053","-81.7270354","https://www.bcnlawfirm.com/contact-us/","","insert"
"l-0405","Lumsden Law, PLLC","(407) 798-7744","1711 Amazing Way Suite 210","Ocoee","Orange","34761","1711 Amazing Way Suite 210, Ocoee, FL 34761","Estate Planning","https://lumsdenlawfirm.com/","28.544503","-81.545452","https://lumsdenlawfirm.com/contact/","","insert"
"l-0406","Ilabaca Law, PLLC","(407) 917-2087","300 N Ronald Reagan Blvd Suite 305","Longwood","Seminole","32750","300 N Ronald Reagan Blvd Suite 305, Longwood, FL 32750","Immigration; Personal Injury","https://ilabacalaw.com/","28.7042898","-81.3443304","https://ilabacalaw.com/contact/","","insert"
"l-0407","Kracht Law Firm, P.A.","(407) 966-4554","831 West Morse Boulevard","Winter Park","Orange","32789","831 West Morse Boulevard, Winter Park, FL 32789","Real Estate Law; Business Law","https://krachtlawfirm.com/","28.597875","-81.3601102","https://krachtlawfirm.com/","","insert"
"l-0408","The Law Office of Michael G. Horton, P.A.","(352) 394-4008","3721 South Highway 27 Suite A","Clermont","Lake","34711","3721 South Highway 27 Suite A, Clermont, FL 34711","Estate Planning; Business Law; Real Estate Law","https://lakecountyestatelawyer.com/","28.512059","-81.723081","https://lakecountyestatelawyer.com/","","insert"
"l-0409","The TK Law Firm","(407) 834-4847","999 Douglas Ave. Suite 3333","Altamonte Springs","Seminole","32714","999 Douglas Ave. Suite 3333, Altamonte Springs, FL 32714","Business Law; Estate Planning; Family Law; Criminal Defense; Personal Injury","https://onefirmforlife.com/","28.682212","-81.3897036","https://onefirmforlife.com/contact-us/","","insert"
"l-0410","The Orlando Law Group","(407) 982-7252","940 Centre Circle Suite 3002","Altamonte Springs","Seminole","32714","940 Centre Circle Suite 3002, Altamonte Springs, FL 32714","Business Law; Estate Planning; Family Law; Real Estate Law; Immigration; Personal Injury","https://www.theorlandolawgroup.com/","28.67540246499728","-81.41992546449528","https://www.theorlandolawgroup.com/altamonte-springs-fl/","","insert"
"l-0411","The Orlando Law Group","(407) 512-4394","12301 Lake Underhill Road Suite 213","Orlando","Orange","32828","12301 Lake Underhill Road Suite 213, Orlando, FL 32828","Business Law; Estate Planning; Family Law; Real Estate Law; Immigration; Personal Injury","https://www.theorlandolawgroup.com/","28.5477011","-81.2032048","https://www.theorlandolawgroup.com/contact-us/","skip — (407) 512-4394 is listed for l-010 The Lopez Law Group; unresolved conflict","skip"
"l-0412","The Orlando Law Group","(407) 955-4848","6965 Piazza Grande Ave Suite 314","Orlando","Orange","32835","6965 Piazza Grande Ave Suite 314, Orlando, FL 32835","Business Law; Estate Planning; Family Law; Real Estate Law; Immigration; Personal Injury","https://www.theorlandolawgroup.com/","28.516517603225545","-81.48249055973783","https://www.theorlandolawgroup.com/contact-us/","","insert"
"l-0413","The Orlando Law Group","(407) 566-0001","506 Celebration Ave","Celebration","Osceola","34747","506 Celebration Ave, Celebration, FL 34747","Business Law; Estate Planning; Family Law; Real Estate Law; Immigration; Personal Injury","https://www.theorlandolawgroup.com/","28.319884360000003","-81.5370213","https://www.theorlandolawgroup.com/contact-us/","","insert"
"l-0414","Walker Flick","(407) 745-0609","3700 S Conway Rd Ste. 212","Orlando","Orange","32812","3700 S Conway Rd Ste. 212, Orlando, FL 32812","Estate Planning; Business Law; Civil Litigation; Real Estate Law","https://thefloridalawyers.com/","28.4989913","-81.3309361","https://thefloridalawyers.com/winter-park/","","insert"
"l-0415","The Boutty Law Firm, P.A.","(407) 216-2766","1150 Louisiana Ave Suite 5","Winter Park","Orange","32789","1150 Louisiana Ave Suite 5, Winter Park, FL 32789","Estate Planning; Business Law; Real Estate Law; Civil Litigation","https://www.bouttyestatelaw.com/","28.6089677","-81.3619338","https://www.bouttyestatelaw.com/contact-us/","","insert"
"l-0416","Richard A. Heller, P.A.","(407) 649-7700","217 N. Westmonte Drive Suite 1004","Altamonte Springs","Seminole","32714","217 N. Westmonte Drive Suite 1004, Altamonte Springs, FL 32714","Estate Planning; Family Law","https://www.rhellerpa.com/","28.6663727","-81.3933946","https://www.rhellerpa.com/contact","","insert"
"l-0417","Gimenez & Carrillo LLC","(407) 228-2080","111 E Monument Ave Suite 306","Kissimmee","Osceola","34741","111 E Monument Ave Suite 306, Kissimmee, FL 34741","Immigration; Real Estate Law; Criminal Defense; Personal Injury","https://gimenezandcarrillo.com/","28.2932051","-81.4052674","https://gimenezandcarrillo.com/locations/kissimmee-fl","","insert"
"l-0418","Gimenez & Carrillo LLC","(407) 228-2080","605 E Robinson Street Suite 320","Orlando","Orange","32801","605 E Robinson Street Suite 320, Orlando, FL 32801","Immigration; Real Estate Law; Criminal Defense; Personal Injury","https://gimenezandcarrillo.com/","28.545662777872064","-81.36976310385103","https://gimenezandcarrillo.com/locations/","","insert"
"l-0419","Gierach and Gierach, P.A.","(407) 598-8013","1201 S. Orlando Avenue Suite 460","Winter Park","Orange","32789","1201 S. Orlando Avenue Suite 460, Winter Park, FL 32789","Estate Planning","https://www.gierachlaw.com/","28.5862674","-81.3656623","https://www.gierachlaw.com/contact-us/","","insert"
"l-0420","BrewerLong","(407) 660-2964","407 Wekiva Springs Road Suite 241","Longwood","Seminole","32779","407 Wekiva Springs Road Suite 241, Longwood, FL 32779","Business Law; Civil Litigation; Estate Planning","https://brewerlong.com/","28.6919394","-81.410362","https://brewerlong.com/contact/","","insert"
"l-0421","Your Caring Law Firm","(407) 622-1900","2323 Lee Road","Winter Park","Orange","32789","2323 Lee Road, Winter Park, FL 32789","Estate Planning","https://yourcaringlawfirm.com/","28.6060265","-81.3813927","https://yourcaringlawfirm.com/","","insert"
"l-0422","Tavarez Law, P.A.","(407) 459-7679","230 E Monument Ave","Kissimmee","Osceola","34741","230 E Monument Ave, Kissimmee, FL 34741","Real Estate Law; Personal Injury","https://tavarezlaw.com/","28.292242897959184","-81.40516869387756","https://tavarezlaw.com/","","insert"
"l-0423","The Metka Law Firm, P.A.","(407) 826-1952","622 Vineland Road","Winter Garden","Orange","34787","622 Vineland Road, Winter Garden, FL 34787","Real Estate Law","https://www.metkalawfirm.com/","28.5574943","-81.5859648","https://www.metkalawfirm.com/contact/","","insert"
"l-0424","TW Law Group, PLLC","(407) 720-8282","7530 Citrus Ave","Winter Park","Orange","32792","7530 Citrus Ave, Winter Park, FL 32792","Family Law; Real Estate Law; Personal Injury","https://www.twlawgroup.org/","28.610991387755103","-81.28570263265306","https://www.twlawgroup.org/contact","","insert"
"l-0425","Perez-Calhoun Law Firm","(407) 622-4772","1155 S Semoran Blvd Suite 3-1135","Winter Park","Orange","32792","1155 S Semoran Blvd Suite 3-1135, Winter Park, FL 32792","Family Law; Business Law; Civil Litigation","https://perezcalhounlaw.com/","28.5944977","-81.3189507","https://perezcalhounlaw.com/contact/","","insert"
"l-0426","Mazenko Law Firm","(352) 565-7737","1502 North Donnelly Street Suite 106","Mount Dora","Lake","32757","1502 North Donnelly Street Suite 106, Mount Dora, FL 32757","Estate Planning","https://mazenkolaw.com/","28.809791","-81.6439802","https://mazenkolaw.com/contact/","","insert"
"l-0427","Bogin, Munns & Munns, P.A.","(352) 243-8981","1390 N Hancock Rd Suite 201","Clermont","Lake","34711","1390 N Hancock Rd Suite 201, Clermont, FL 34711","Business Law; Civil Litigation; Estate Planning; Real Estate Law; Immigration; Family Law; Personal Injury; Criminal Defense","https://www.boginmunns.com/","28.5489415","-81.7075981","https://www.boginmunns.com/locations/","","insert"
"l-0428","Bogin, Munns & Munns, P.A.","(407) 870-1919","1524 N John Young Pkwy","Kissimmee","Osceola","34741","1524 N John Young Pkwy, Kissimmee, FL 34741","Business Law; Civil Litigation; Estate Planning; Real Estate Law; Immigration; Family Law; Personal Injury; Criminal Defense","https://www.boginmunns.com/","28.3436361","-81.4196078","https://www.boginmunns.com/locations/","","insert"
"l-0429","Bogin, Munns & Munns, P.A.","(352) 728-3773","8543 US-441","Leesburg","Lake","34748","8543 US-441, Leesburg, FL 34748","Business Law; Civil Litigation; Estate Planning; Real Estate Law; Immigration; Family Law; Personal Injury; Criminal Defense","https://www.boginmunns.com/","28.8322844","-81.8143756","https://www.boginmunns.com/locations/","","insert"
"l-0430","Law Offices of J. Manuel Acevedo, P.A.","(407) 323-4080","116 North Park Avenue","Sanford","Seminole","32771","116 North Park Avenue, Sanford, FL 32771","Immigration; Family Law; Criminal Defense; Estate Planning; Real Estate Law","https://www.attorney-jmanuelacevedo.com/","28.8122653","-81.2683384","https://www.attorney-jmanuelacevedo.com/","","insert"
"l-0431","Lanigan & Lanigan, P.L.","(407) 740-7379","831 W. Morse Blvd.","Winter Park","Orange","32789","831 W. Morse Blvd., Winter Park, FL 32789","Business Law; Civil Litigation; Real Estate Law; Immigration; Estate Planning; Criminal Defense","https://laniganpl.com/","28.597875","-81.3601102","https://laniganpl.com/","","insert"
"l-0432","Christopher H. Morrison, P.A.","(407) 539-2597","401 W. Fairbanks Ave. Suite 100","Winter Park","Orange","32789","401 W. Fairbanks Ave. Suite 100, Winter Park, FL 32789","Family Law; Civil Litigation; Personal Injury","https://www.winterparklegal.com/","28.5935916","-81.3543263","https://www.winterparklegal.com/","","insert"
"l-0433","Vollrath Law","(407) 900-0464","1757 W. Broadway Suite 3","Oviedo","Seminole","32765","1757 W. Broadway Suite 3, Oviedo, FL 32765","Estate Planning; Family Law; Real Estate Law","https://www.vollrath-law.com/","28.6704737","-81.1852307","https://www.vollrath-law.com/contact-us/","","insert"
"l-0434","Law Office of Mitch Krause, P.A.","(407) 862-7110","1220 Commerce Park Dr. Suite 103","Longwood","Seminole","32779","1220 Commerce Park Dr. Suite 103, Longwood, FL 32779","Family Law; Criminal Defense; Civil Litigation","https://krauselawoffice.com/","28.69070940649991","-81.39119862815636","https://krauselawoffice.com/contact/","","insert"
"l-0435","Donna Hung Law Group","(407) 999-0099","605 E Robinson St Suite 730","Orlando","Orange","32801","605 E Robinson St Suite 730, Orlando, FL 32801","Family Law","https://www.donnahunglaw.com/","28.545662777872064","-81.36976310385103","https://www.donnahunglaw.com/contact-us/","","insert"
"l-0436","Bernal-Mora & Nickolaou, P.A.","(407) 354-5223","1101 N. Lake Destiny Road Suite 275","Maitland","Orange","32751","1101 N. Lake Destiny Road Suite 275, Maitland, FL 32751","Family Law","https://www.orlandofamilyteam.com/","28.6294036","-81.3920933","https://www.orlandofamilyteam.com/locations/","","insert"
"l-0437","ShuffieldLowman","(407) 581-9800","1000 Legion Pl Ste 1700","Orlando","Orange","32801","1000 Legion Pl Ste 1700, Orlando, FL 32801","Business Law; Civil Litigation; Estate Planning; Real Estate Law","https://www.shuffieldlowman.com/","28.558740069700104","-81.37938823638866","https://www.shuffieldlowman.com/contact/","","insert"
"l-0438","ShuffieldLowman","(352) 253-2222","545 W Main St","Tavares","Lake","32778","545 W Main St, Tavares, FL 32778","Business Law; Civil Litigation; Estate Planning; Real Estate Law","https://www.shuffieldlowman.com/","28.802213000000002","-81.7326485","https://www.shuffieldlowman.com/contact/","","insert"
"l-0439","Nardella & Nardella, PLLC","(407) 966-2680","135 W Central Blvd. Suite 300","Orlando","Orange","32801","135 W Central Blvd. Suite 300, Orlando, FL 32801","Business Law; Civil Litigation","https://www.nardellalaw.com/","28.54210726530612","-81.38136630612244","https://www.nardellalaw.com/contact-us/","","insert"
"l-0440","Jacobs Law Firm","(407) 335-8113","331 S Wymore Rd","Winter Park","Orange","32789","331 S Wymore Rd, Winter Park, FL 32789","Family Law","https://jjlawfl.com/","28.5955534","-81.385951","https://jjlawfl.com/contact/","","insert"
"l-0441","Jacobs Law Firm","(407) 335-8113","838 W Desoto St","Clermont","Lake","34711","838 W Desoto St, Clermont, FL 34711","Family Law","https://jjlawfl.com/","28.5545093","-81.7693503","https://jjlawfl.com/contact/","","insert"
"l-0442","Draper Law Office","(407) 846-0075","705 W. Emmett Street","Kissimmee","Osceola","34741","705 W. Emmett Street, Kissimmee, FL 34741","Family Law; Personal Injury","https://www.draperlawoffice.com/","28.2917734","-81.4202401","https://www.draperlawoffice.com/contact-us/","skip — (407) 846-0075 is listed for l-019 Wyndell G. Darville; unresolved conflict","skip"
"l-0443","Bowen|Schroth","(352) 589-1414","600 Jennings Avenue","Eustis","Lake","32726","600 Jennings Avenue, Eustis, FL 32726","Real Estate Law; Estate Planning; Business Law; Civil Litigation; Family Law","https://www.bowenschroth.com/","28.834547","-81.6923619","https://www.bowenschroth.com/contact-us/","","insert"
"l-0444","Bowen|Schroth","(352) 589-1414","250 South Main Avenue","Groveland","Lake","34736","250 South Main Avenue, Groveland, FL 34736","Real Estate Law; Estate Planning; Business Law; Civil Litigation; Family Law","https://www.bowenschroth.com/","28.55915","-81.8563742","https://www.bowenschroth.com/contact-us/","","insert"
"l-0445","Bowen|Schroth","(352) 589-1414","1330 Citizens Blvd. Ste. 404","Leesburg","Lake","34748","1330 Citizens Blvd. Ste. 404, Leesburg, FL 34748","Real Estate Law; Estate Planning; Business Law; Civil Litigation; Family Law","https://www.bowenschroth.com/","28.8228451","-81.8859684","https://www.bowenschroth.com/contact-us/","","insert"
"l-0446","Lowndes, Drosdick, Doster, Kantor & Reed, P.A.","(407) 843-4600","215 N. Eola Drive","Orlando","Orange","32801","215 N. Eola Drive, Orlando, FL 32801","Business Law; Civil Litigation; Real Estate Law; Estate Planning","https://lowndes-law.com/","28.5403934","-81.369879","https://lowndes-law.com/contact/","","insert"
"l-0447","Pinho Law, PLLC","(407) 385-4144","6965 Piazza Grande Ave Suite 401","Orlando","Orange","32835","6965 Piazza Grande Ave Suite 401, Orlando, FL 32835","Immigration; Business Law; Real Estate Law","https://pinholaw.com/","28.516517603225545","-81.48249055973783","https://pinholaw.com/en/contact","","insert"
"l-0448","NeJame Law","(407) 500-0000","111 N. Orange Ave. Suite 1300","Orlando","Orange","32801","111 N. Orange Ave. Suite 1300, Orlando, FL 32801","Immigration; Civil Litigation; Family Law; Criminal Defense; Personal Injury","https://nejamelaw.com/","28.5438004","-81.3787676","https://nejamelaw.com/contact-us/","skip — same firm as l-008; NeJame moved to 111 N Orange Ave, so l-008 needs its address fixed instead","skip"
"l-0449","de Beaubien, Simmons, Knight, Mantzaris & Neal, LLP","(407) 422-2454","332 N. Magnolia Avenue","Orlando","Orange","32801","332 N. Magnolia Avenue, Orlando, FL 32801","Real Estate Law; Business Law; Civil Litigation; Immigration; Estate Planning; Family Law; Criminal Defense","https://www.dsklawgroup.com/","28.546134747174374","-81.37761219379607","https://www.dsklawgroup.com/contact-us/","","insert"
"l-0450","Dean Mead","(407) 841-1200","420 S. Orange Avenue Suite 700","Orlando","Orange","32801","420 S. Orange Avenue Suite 700, Orlando, FL 32801","Business Law; Estate Planning; Real Estate Law; Civil Litigation","https://www.deanmead.com/","28.5381982","-81.3797335","https://www.deanmead.com/offices/orlando/","","insert"
"l-0451","Shepard, Smith, Hand & Brackins, P.A.","(407) 622-1772","2300 Maitland Center Pkwy Suite 100","Maitland","Orange","32751","2300 Maitland Center Pkwy Suite 100, Maitland, FL 32751","Civil Litigation; Business Law; Real Estate Law","https://www.shepardfirm.com/","28.63428","-81.391792","https://www.shepardfirm.com/","","insert"
"l-0452","The Law Offices of Richard Franzblau LLC","(407) 595-1826","3505 Lake Lynda Drive Suite 200","Orlando","Orange","32817","3505 Lake Lynda Drive Suite 200, Orlando, FL 32817","Real Estate Law; Estate Planning; Business Law","https://www.rdfllc.com/","28.600500376459472","-81.22224238136376","https://www.rdfllc.com/","","insert"
"l-0453","Legal Counsel P.A.","(407) 982-4321","13330 W Colonial Dr Suite 110","Winter Garden","Orange","34787","13330 W Colonial Dr Suite 110, Winter Garden, FL 34787","Business Law; Civil Litigation; Real Estate Law; Estate Planning; Family Law","https://www.legalcounselpa.com/","28.5499327","-81.5809779","https://www.legalcounselpa.com/contact-us/","","insert"
"l-0454","Legal Counsel P.A.","(407) 395-2653","3416 Shader Road Suite 112-B","Orlando","Orange","32808","3416 Shader Road Suite 112-B, Orlando, FL 32808","Business Law; Civil Litigation; Real Estate Law; Estate Planning; Family Law","https://www.legalcounselpa.com/","28.585302545454546","-81.42341909090909","https://www.legalcounselpa.com/contact-us/","","insert"
"l-0455","Fisher Rushmer, P.A.","(407) 843-2111","200 E. Robinson St. Ste. 800","Orlando","Orange","32801","200 E. Robinson St. Ste. 800, Orlando, FL 32801","Civil Litigation; Business Law; Real Estate Law; Personal Injury","https://www.fisherlawfirm.com/","28.5454368","-81.3755366","https://www.fisherlawfirm.com/contact-us/","","insert"
"l-0456","Greater Orlando Family Law","(407) 377-6399","631 S. Orlando Ave. Suite 301","Winter Park","Orange","32789","631 S. Orlando Ave. Suite 301, Winter Park, FL 32789","Family Law","https://www.orlandolegal.com/","28.5924962","-81.3653937","https://www.orlandolegal.com/contact-us/","","insert"
"l-0457","Adams, Luka, & Benton, P.A.","(407) 872-0307","250 E Colonial Dr #304","Orlando","Orange","32801","250 E Colonial Dr #304, Orlando, FL 32801","Family Law","https://www.myfloridafamilyattorney.com/","28.55294","-81.3740731","https://www.myfloridafamilyattorney.com/contact-us.html","","insert"
"l-0458","Adams, Luka, & Benton, P.A.","(352) 357-4084","315 N New Hampshire Ave #200","Tavares","Lake","32778","315 N New Hampshire Ave #200, Tavares, FL 32778","Family Law","https://www.myfloridafamilyattorney.com/","28.8046178","-81.7281696","https://www.myfloridafamilyattorney.com/contact-us.html","","insert"
"l-0459","Williams Parker","(941) 366-4800","50 Central Ave. Eighth Floor","Sarasota","Sarasota","34236","50 Central Ave. Eighth Floor, Sarasota, FL 34236","Business Law; Real Estate Law; Estate Planning; Civil Litigation","https://www.williamsparker.com/","27.336854410872487","-82.54257949402302","https://www.williamsparker.com/","","insert"
"l-0460","Williams Parker","(941) 366-4800","7500 Island Cove Terrace Suite 200","Lakewood Ranch","Sarasota","34240","7500 Island Cove Terrace Suite 200, Lakewood Ranch, FL 34240","Business Law; Real Estate Law; Estate Planning; Civil Litigation","https://www.williamsparker.com/","27.3650002","-82.4174011","https://www.williamsparker.com/","","insert"
"l-0461","Wyckoff Law Firm, P.A.","(941) 795-6565","1626 Ringling Blvd. Suite 500","Sarasota","Sarasota","34236","1626 Ringling Blvd. Suite 500, Sarasota, FL 34236","Real Estate Law; Business Law","https://wyckofflawfirm.com/","27.334672","-82.5382278","https://wyckofflawfirm.com/","","insert"
"l-0462","Wyckoff Law Firm, P.A.","(941) 795-6565","4909 Manatee Ave W","Bradenton","Manatee","34209","4909 Manatee Ave W, Bradenton, FL 34209","Real Estate Law; Business Law","https://wyckofflawfirm.com/","27.495967734693878","-82.61034019387755","https://wyckofflawfirm.com/","","insert"
"l-0463","Ledbetter Cowan Law Group","(941) 256-3965","229 Pensacola Road","Venice","Sarasota","34285","229 Pensacola Road, Venice, FL 34285","Estate Planning; Real Estate Law; Business Law","https://www.ledbetterlawfl.com/","27.0969572","-82.446354","https://www.ledbetterlawfl.com/contact","","insert"
"l-0464","Icard Merrill","(941) 366-8100","2033 Main Street Suite 600","Sarasota","Sarasota","34237","2033 Main Street Suite 600, Sarasota, FL 34237","Business Law; Civil Litigation; Real Estate Law; Estate Planning; Family Law","https://icardmerrill.com/","27.3364595","-82.5299242","https://www.icardmerrill.com/contact/","","insert"
"l-0465","Icard Merrill","(941) 907-0006","8470 Enterprise Circle Suite 201","Lakewood Ranch","Manatee","34202","8470 Enterprise Circle Suite 201, Lakewood Ranch, FL 34202","Business Law; Civil Litigation; Real Estate Law; Estate Planning; Family Law","https://icardmerrill.com/","27.388071176417284","-82.43406417239818","https://www.icardmerrill.com/contact/","","insert"
"l-0466","Syprett Meshad, P.A.","(941) 365-7171","1900 Ringling Boulevard","Sarasota","Sarasota","34236","1900 Ringling Boulevard, Sarasota, FL 34236","Civil Litigation; Real Estate Law; Estate Planning; Family Law; Personal Injury; Criminal Defense","https://www.smrl.com/","27.33519","-82.532856","https://www.smrl.com/contact/","","insert"
"l-0467","Suncoast Civil Law","(941) 366-1800","6981 Curtiss Avenue #3","Sarasota","Sarasota","34231","6981 Curtiss Avenue #3, Sarasota, FL 34231","Civil Litigation; Business Law; Real Estate Law; Estate Planning","https://www.moransanchylaw.com/","27.25479716161616","-82.499316","https://www.moransanchylaw.com/contact/","","insert"
"l-0468","Hahn Loeser","(941) 364-8787","240 S. Pineapple Avenue Suite 400","Sarasota","Sarasota","34236","240 S. Pineapple Avenue Suite 400, Sarasota, FL 34236","Civil Litigation; Business Law; Real Estate Law; Estate Planning","https://www.hahnlaw.com/","27.33455435143224","-82.54067943291793","https://www.hahnlaw.com/office/sarasota/","","insert"
"l-0469","Klingbeil & Roberts, P.A.","(941) 485-2900","341 Venice Avenue West","Venice","Sarasota","34285","341 Venice Avenue West, Venice, FL 34285","Estate Planning; Real Estate Law","https://www.k-rlaw.com/","27.09980408163265","-82.44869512244898","https://www.k-rlaw.com/","","insert"
"l-0470","Zoecklein Law, P.A.","(941) 313-3330","3230 Southgate Circle Suite 116","Sarasota","Sarasota","34239","3230 Southgate Circle Suite 116, Sarasota, FL 34239","Estate Planning; Civil Litigation","https://www.zoeckleinlawpa.com/","27.3050039","-82.5145735","https://www.zoeckleinlawpa.com/contact-us/","","insert"
"l-0471","Zoecklein Law, P.A.","(941) 313-3330","4916 26th St W Suite 157","Bradenton","Manatee","34207","4916 26th St W Suite 157, Bradenton, FL 34207","Estate Planning; Civil Litigation","https://www.zoeckleinlawpa.com/","27.454543571428573","-82.58769848979593","https://www.zoeckleinlawpa.com/contact-us/","","insert"
"l-0472","Zoecklein Law, P.A.","(813) 501-5071","8520 Government Dr Suite 1","New Port Richey","Pasco","34654","8520 Government Dr Suite 1, New Port Richey, FL 34654","Estate Planning; Civil Litigation","https://www.zoeckleinlawpa.com/","28.266580679736222","-82.67389435371788","https://www.zoeckleinlawpa.com/contact-us/","","insert"
"l-0473","Berlin Patten Ebling","(941) 954-9991","3700 South Tamiami Trail","Sarasota","Sarasota","34239","3700 South Tamiami Trail, Sarasota, FL 34239","Real Estate Law; Estate Planning; Civil Litigation; Family Law","https://berlinpatten.com/","27.301266","-82.5305","https://berlinpatten.com/locations/","","insert"
"l-0474","Berlin Patten Ebling","(941) 955-9991","201 Center Road","Venice","Sarasota","34285","201 Center Road, Venice, FL 34285","Real Estate Law; Estate Planning; Civil Litigation; Family Law","https://berlinpatten.com/","27.079106","-82.422777","https://berlinpatten.com/locations/venice-office-real-estate-attorney/","","insert"
"l-0475","Berlin Patten Ebling","(941) 907-9022","8433 Enterprise Circle Suite 200","Lakewood Ranch","Manatee","34202","8433 Enterprise Circle Suite 200, Lakewood Ranch, FL 34202","Real Estate Law; Estate Planning; Civil Litigation; Family Law","https://berlinpatten.com/","27.388081907732303","-82.43413760736024","https://berlinpatten.com/locations/","","insert"
"l-0476","Berlin Patten Ebling","(941) 212-5860","2423 Manatee Ave W","Bradenton","Manatee","34205","2423 Manatee Ave W, Bradenton, FL 34205","Real Estate Law; Estate Planning; Civil Litigation; Family Law","https://berlinpatten.com/","27.4955","-82.585984","https://berlinpatten.com/locations/bradenton-law-firm/","","insert"
"l-0477","Farr Law Firm, P.A.","(941) 484-3000","901 Ridgewood Avenue","Venice","Sarasota","34285","901 Ridgewood Avenue, Venice, FL 34285","Estate Planning; Real Estate Law; Civil Litigation; Business Law; Personal Injury","https://farr.com/","27.100917","-82.429459","https://farr.com/offices/venice-fl/","","insert"
"l-0478","Bach, Jacobs & Byrne, P.A.","(941) 906-1231","2033 Main Street Suite 505","Sarasota","Sarasota","34237","2033 Main Street Suite 505, Sarasota, FL 34237","Estate Planning; Civil Litigation","https://bach-elder-law.com/","27.3364595","-82.5299242","https://bach-elder-law.com/contact/","","insert"
"l-0479","Blalock Walters, P.A.","(941) 748-0100","602 N. Orange Avenue Suite 102","Sarasota","Sarasota","34236","602 N. Orange Avenue Suite 102, Sarasota, FL 34236","Business Law; Civil Litigation; Estate Planning; Real Estate Law","https://blalockwalters.com/","27.34134224489796","-82.538518","https://blalockwalters.com/contact/","","insert"
"l-0480","Blalock Walters, P.A.","(941) 748-0100","802 11th Street West","Bradenton","Manatee","34205","802 11th Street West, Bradenton, FL 34205","Business Law; Civil Litigation; Estate Planning; Real Estate Law","https://blalockwalters.com/","27.492759265306123","-82.57279410204082","https://blalockwalters.com/contact/","","insert"
"l-0481","The John Chapman Law Firm, P.A.","(941) 404-4616","1515 Ringling Boulevard Suite 870","Sarasota","Sarasota","34236","1515 Ringling Boulevard Suite 870, Sarasota, FL 34236","Civil Litigation; Business Law; Estate Planning","https://www.johnchapmanlaw.com/","27.3346688","-82.540211","https://www.johnchapmanlaw.com/","","insert"
"l-0482","The Law Offices of Eric C. Fleming, P.A.","(941) 225-8877","5011 Ocean Blvd Suite 305","Siesta Key","Sarasota","34242","5011 Ocean Blvd Suite 305, Siesta Key, FL 34242","Real Estate Law; Business Law; Estate Planning","https://srqesq.com/","27.27903147368421","-82.56421610526316","https://srqesq.com/contact/","","insert"
"l-0483","Law Office of Michael J. Belle","(941) 955-9212","2364 Fruitville Rd","Sarasota","Sarasota","34237","2364 Fruitville Rd, Sarasota, FL 34237","Real Estate Law; Civil Litigation; Business Law","https://michaelbelle.com/","27.33743447826087","-82.52285973913044","https://michaelbelle.com/contact/","","insert"
"l-0484","Jerrel E. Towery, P.A.","(941) 485-3391","304 W Venice Avenue Suite 220","Venice","Sarasota","34285","304 W Venice Avenue Suite 220, Venice, FL 34285","Estate Planning; Real Estate Law; Business Law","https://www.towerylaw.com/","27.100305","-82.4483952","https://www.towerylaw.com/","","insert"
"l-0485","Cuturic Law, PLLC","(941) 441-9193","801 E Venice Ave Suite 2","Venice","Sarasota","34285","801 E Venice Ave Suite 2, Venice, FL 34285","Estate Planning","https://legacylifelegal.com/","27.1003292","-82.4312885","https://legacylifelegal.com/","","insert"
"l-0486","Shumaker, Loop & Kendrick, LLP","(941) 366-6660","240 South Pineapple Avenue 9th Floor","Sarasota","Sarasota","34236","240 South Pineapple Avenue 9th Floor, Sarasota, FL 34236","Business Law; Civil Litigation; Real Estate Law; Estate Planning","https://www.shumaker.com/","27.33455435143224","-82.54067943291793","https://www.shumaker.com/offices/sarasota","","insert"
"l-0487","Fergeson Skipper, P.A.","(941) 957-1900","1515 Ringling Blvd. Tenth Floor","Sarasota","Sarasota","34236","1515 Ringling Blvd. Tenth Floor, Sarasota, FL 34236","Estate Planning; Civil Litigation; Real Estate Law; Business Law","https://fergesonskipper.com/","27.3346688","-82.540211","https://fergesonskipper.com/contact/","","insert"
"l-0488","Steiner Law Offices","(941) 907-0302","8210 Lakewood Ranch Blvd Unit 105","Lakewood Ranch","Manatee","34202","8210 Lakewood Ranch Blvd Unit 105, Lakewood Ranch, FL 34202","Business Law; Estate Planning; Civil Litigation","https://www.steinerattorney.com/","27.39299984624852","-82.43555319967311","https://www.steinerattorney.com/contact","","insert"
"l-0489","Law Office of Marc J. Soss","(941) 928-0310","9040 Town Center Parkway","Lakewood Ranch","Manatee","34202","9040 Town Center Parkway, Lakewood Ranch, FL 34202","Estate Planning; Business Law","https://lakewoodranch.law/","27.392938774626575","-82.44566988094203","https://lakewoodranch.law/contact/","","insert"
"l-0490","Lakewood Ranch Law, PLLC","(941) 313-2559","8470 Enterprise Circle Suite 110E","Lakewood Ranch","Manatee","34202","8470 Enterprise Circle Suite 110E, Lakewood Ranch, FL 34202","Criminal Defense","https://www.lwr-law.com/","27.388071176417284","-82.43406417239818","https://www.lwr-law.com/contact","","insert"
"l-0491","R. Matthew Elliott, Esq.","(941) 242-2898","1023 Manatee Avenue West Suite 502","Bradenton","Manatee","34205","1023 Manatee Avenue West Suite 502, Bradenton, FL 34205","Estate Planning","https://rmelliottesq.com/","27.4951893","-82.572503","https://rmelliottesq.com/contact/","","insert"
"l-0492","Center for U.S. Immigration Services, LLC","(941) 254-6482","4502 Cortez Rd W Suite 301A","Bradenton","Manatee","34210","4502 Cortez Rd W Suite 301A, Bradenton, FL 34210","Immigration","https://www.cfuis.com/","27.462315744966443","-82.60544383221476","https://www.cfuis.com/immigration-lawyers-bradenton-fl/","","insert"
"l-0493","Castro Law PA","(941) 842-0676","1304 6th Ave W","Bradenton","Manatee","34205","1304 6th Ave W, Bradenton, FL 34205","Immigration; Criminal Defense","https://castrolawpa.com/","27.49426836734694","-82.5743953265306","https://castrolawpa.com/contact/","","insert"
"l-0494","Rolfes Henry","(941) 684-0100","5415 87th Street E","Bradenton","Manatee","34211","5415 87th Street E, Bradenton, FL 34211","Civil Litigation; Business Law; Estate Planning; Criminal Defense","https://rolfeshenry.com/","27.440734515839598","-82.4508821698083","https://rolfeshenry.com/sarasota-bradenton-florida/","","insert"
"l-0495","Lopez Law Group","(941) 401-1351","1215 Manatee Ave W Suite 109","Bradenton","Manatee","34205","1215 Manatee Ave W Suite 109, Bradenton, FL 34205","Business Law; Real Estate Law; Estate Planning; Family Law; Criminal Defense","https://www.thelopezlawgroup.com/","27.495357285714288","-82.57366585714286","https://www.thelopezlawgroup.com/bradenton-fl-attorneys/","","insert"
"l-0496","Knowles, Bouziane & Shaffer Law, LLC","(941) 432-4953","2812 Manatee Ave W","Bradenton","Manatee","34205","2812 Manatee Ave W, Bradenton, FL 34205","Estate Planning","https://www.srqelderlaw.com/","27.495695612244898","-82.58994112244898","https://www.srqelderlaw.com/contact","","insert"
"l-0497","Najmy Thompson, P.L.","(941) 907-3999","6320 Venture Drive Suite 104","Lakewood Ranch","Manatee","34202","6320 Venture Drive Suite 104, Lakewood Ranch, FL 34202","Estate Planning; Business Law; Real Estate Law; Civil Litigation","https://najmythompson.com/","27.387650204081634","-82.4361752244898","https://www.najmythompson.com/contact/","","insert"
"l-0498","Najmy Thompson, P.L.","(941) 748-2216","1401 8th Avenue West","Bradenton","Manatee","34205","1401 8th Avenue West, Bradenton, FL 34205","Estate Planning; Business Law; Real Estate Law; Civil Litigation","https://najmythompson.com/","27.492868","-82.575353","https://www.najmythompson.com/contact/","","insert"
"l-0499","The Lyons Law Group, P.A.","(727) 375-8900","4103 Little Road","New Port Richey","Pasco","34655","4103 Little Road, New Port Richey, FL 34655","Real Estate Law; Estate Planning; Civil Litigation","https://lyonslawgroup.com/","28.218555503355706","-82.66627860402684","https://lyonslawgroup.com/","","insert"
"l-0500","The Lyons Law Group, P.A.","(352) 515-0101","8362 Forest Oaks Blvd.","Spring Hill","Hernando","34606","8362 Forest Oaks Blvd., Spring Hill, FL 34606","Real Estate Law; Estate Planning; Civil Litigation","https://lyonslawgroup.com/","28.48732612","-82.58209167999999","https://lyonslawgroup.com/","","insert"
"l-0501","Law Offices of Steven J. Glaros & Associates","(813) 854-1234","6232 Madison Street","New Port Richey","Pasco","34652","6232 Madison Street, New Port Richey, FL 34652","Family Law; Estate Planning; Criminal Defense; Business Law; Civil Litigation; Personal Injury","https://glaroslaw.com/","28.2491505","-82.715466","https://glaroslaw.com/locations/new-port-richey/","","insert"
"l-0502","Athanaselos & Associates, P.A.","(727) 810-8405","8217 Massachusetts Ave","New Port Richey","Pasco","34653","8217 Massachusetts Ave, New Port Richey, FL 34653","Business Law; Real Estate Law; Criminal Defense","https://www.aafloridalawyer.com/","28.258796453048625","-82.67896161191145","https://www.aafloridalawyer.com/contact/","","insert"
"l-0503","The Law Office of Laurie R. Chane","(352) 567-0055","14206 5th Street","Dade City","Pasco","33523","14206 5th Street, Dade City, FL 33523","Family Law; Estate Planning; Criminal Defense","https://www.chanelaw.com/","28.3646809","-82.1875177","https://www.chanelaw.com/contact-us/","","insert"
"l-0504","North Tampa Law Group","(813) 518-7411","26852 Tanic Drive Suite 102","Wesley Chapel","Pasco","33544","26852 Tanic Drive Suite 102, Wesley Chapel, FL 33544","Real Estate Law; Estate Planning","https://northtampalawgroup.com/","28.19161636734694","-82.372048","https://northtampalawgroup.com/contact/","","insert"
"l-0505","The Hogan Law Firm","(352) 799-8423","20 South Broad Street","Brooksville","Hernando","34601","20 South Broad Street, Brooksville, FL 34601","Civil Litigation; Business Law; Estate Planning; Real Estate Law; Criminal Defense","https://hoganlawfirm.com/","28.5671154","-82.375513","https://www.hoganlawfirm.com/contact-us/","","insert"
"l-0506","David C. Sasser, P.A.","(352) 345-4003","161 E Jefferson St. Suite B","Brooksville","Hernando","34601","161 E Jefferson St. Suite B, Brooksville, FL 34601","Real Estate Law; Estate Planning","https://www.davidsasserpa.com/","28.55571206122449","-82.3865313877551","https://www.davidsasserpa.com/","","insert"
"l-0507","Law Office of Jimmy Brown","(352) 799-0841","211 S Main St","Brooksville","Hernando","34601","211 S Main St, Brooksville, FL 34601","Criminal Defense; Family Law; Personal Injury; Estate Planning","https://brooksvillelawyer.com/","28.55266030612245","-82.38777440816325","https://brooksvillelawyer.com/contact/","","insert"
"l-0508","Benda Law","(352) 232-5757","296 N Broad St","Brooksville","Hernando","34601","296 N Broad St, Brooksville, FL 34601","Family Law; Civil Litigation; Real Estate Law","https://bendalawfirm.com/","28.5547065","-82.3939093","https://bendalawfirm.com/","","insert"
"l-0509","Mark E. Hager Attorney & Counselor at Law","(352) 600-2369","4074 Commercial Way","Spring Hill","Hernando","34606","4074 Commercial Way, Spring Hill, FL 34606","Estate Planning","https://springhillprobateattorney.com/","28.488267023424573","-82.60188756821768","https://springhillprobateattorney.com/","","insert"
"l-0510","Keith Taylor Law Group, PA","(352) 795-0404","10521 Hearth Road","Spring Hill","Hernando","34608","10521 Hearth Road, Spring Hill, FL 34608","Estate Planning; Personal Injury","https://keithtaylorlaw.com/","28.494107997108568","-82.54585984205292","https://keithtaylorlaw.com/contact/","","insert"
"l-0511","Keith Taylor Law Group, PA","(352) 795-0404","1143 North Lyle Avenue","Crystal River","Citrus","34429","1143 North Lyle Avenue, Crystal River, FL 34429","Estate Planning; Personal Injury","https://keithtaylorlaw.com/","28.879187840089426","-82.52626679375233","https://keithtaylorlaw.com/contact/","","insert"
"l-0512","Glen C. Abbott, Attorney at Law","(352) 795-5699","9030 West Fort Island Trail Suite 11B","Crystal River","Citrus","34429","9030 West Fort Island Trail Suite 11B, Crystal River, FL 34429","Estate Planning; Real Estate Law","https://www.glenabbottlaw.com/","28.880916526315076","-82.58558690027793","https://www.glenabbottlaw.com/","","insert"
"l-0513","Karen O. Gaffney, P.A.","(352) 726-9222","205 West Dampier St.","Inverness","Citrus","34450","205 West Dampier St., Inverness, FL 34450","Estate Planning; Business Law; Real Estate Law","https://www.karengaffney.com/","28.83776491836735","-82.33166853061225","https://www.karengaffney.com/","","insert"
"l-0514","Slaymaker and Nelson, P.A.","(352) 726-6129","2218 Hwy. 44 W.","Inverness","Citrus","34453","2218 Hwy. 44 W., Inverness, FL 34453","Estate Planning; Real Estate Law","https://www.slaymakerlaw.com/","28.840956","-82.358251","https://www.slaymakerlaw.com/","","insert"
"l-0515","Slaymaker and Nelson, P.A.","(352) 726-6129","6237 S. Suncoast Blvd.","Homosassa","Citrus","34446","6237 S. Suncoast Blvd., Homosassa, FL 34446","Estate Planning; Real Estate Law","https://www.slaymakerlaw.com/","28.7568473","-82.5334302","https://www.slaymakerlaw.com/","","insert"
"l-0516","Goodwin Law, P.A.","(239) 207-3403","9955 Tamiami Trail N Suite 4","Naples","Collier","34108","9955 Tamiami Trail N Suite 4, Naples, FL 34108","Real Estate Law; Estate Planning","https://glpa.law/","26.262037734693877","-81.8015240612245","https://glpa.law/contact/","","insert"
"l-0517","The Law Office of Conrad Willkomm, P.A.","(239) 303-4040","3201 Tamiami Trail North, 2nd Floor","Naples","Collier","34103","3201 Tamiami Trail North, 2nd Floor, Naples, FL 34103","Estate Planning; Real Estate Law","https://www.willkommlaw.com/","26.1853439","-81.8003434","https://www.willkommlaw.com/contact-us/","","insert"
"l-0518","The Law Office of Conrad Willkomm, P.A.","(239) 256-2140","4415 Metro Pkwy Unit 218","Fort Myers","Lee","33916","4415 Metro Pkwy Unit 218, Fort Myers, FL 33916","Estate Planning; Real Estate Law","https://www.willkommlaw.com/","26.59914302731347","-81.85032055192093","https://www.willkommlaw.com/contact-us/","","insert"
"l-0519","Colina Law","(239) 984-9711","5290 Golden Gate Parkway Suite 3","Naples","Collier","34116","5290 Golden Gate Parkway Suite 3, Naples, FL 34116","Real Estate Law; Estate Planning; Personal Injury","https://colina.law/","26.175852258852252","-81.7123758880897","https://colina.law/contact/","","insert"
"l-0520","Woods, Weidenmiller, Michetti & Rudnick, PLLC","(239) 325-4070","9045 Strada Stell Court, Fourth Floor","Naples","Collier","34109","9045 Strada Stell Court, Fourth Floor, Naples, FL 34109","Civil Litigation; Real Estate Law; Business Law","https://www.lawfirmnaples.com/","26.245771","-81.7748404","https://www.lawfirmnaples.com/contact-us/","","insert"
"l-0521","Douglas L. Rankin, P.A.","(239) 262-0061","2335 Tamiami Trail North Suite 308","Naples","Collier","34103","2335 Tamiami Trail North Suite 308, Naples, FL 34103","Estate Planning; Real Estate Law; Business Law","http://www.dougrankinlaw.com/","26.1759382","-81.8005786","http://www.dougrankinlaw.com/","","insert"
"l-0522","The Law Office of Jursinski & Murphy","(239) 337-1147","15701 S. Tamiami Trail Suite 100","Fort Myers","Lee","33908","15701 S. Tamiami Trail Suite 100, Fort Myers, FL 33908","Real Estate Law; Business Law","https://www.jmlawfl.com/","26.513782","-81.863857","https://www.jmlawfl.com/contact-us/","","insert"
"l-0523","The Law Offices of Thomas M. Dryden, P.L.","(239) 243-9303","1705 Colonial Blvd Suite B-3","Fort Myers","Lee","33907","1705 Colonial Blvd Suite B-3, Fort Myers, FL 33907","Real Estate Law; Business Law; Estate Planning","https://www.thomasdrydenlaw.com/","26.59701072972973","-81.87760118918919","https://www.thomasdrydenlaw.com/","","insert"
"l-0524","Kuhn Law Firm, P.A.","(239) 333-4529","6720 Winkler Road","Fort Myers","Lee","33919","6720 Winkler Road, Fort Myers, FL 33919","Estate Planning; Real Estate Law; Civil Litigation; Personal Injury","https://kuhnlegal.com/","26.54266522006439","-81.89865545689457","https://kuhnlegal.com/contact/","","insert"
"l-0525","Wollman Gehrke & Associates, P.A.","(239) 435-1533","2235 Venetian Court Suite 5","Naples","Collier","34109","2235 Venetian Court Suite 5, Naples, FL 34109","Estate Planning","https://www.probate-florida.com/","26.242802630622496","-81.77374068050328","https://www.probate-florida.com/contact-us/","","insert"
"l-0526","Wilson & Johnson","(239) 436-1500","2425 Tamiami Trail N. Suite 211","Naples","Collier","34103","2425 Tamiami Trail N. Suite 211, Naples, FL 34103","Estate Planning","https://naplesestatelaw.com/","26.1773234","-81.8004795","https://naplesestatelaw.com/contact-us/","","insert"
"l-0527","Safe Harbor Law Firm","(239) 977-5158","4500 Executive Drive Suite 100","Naples","Collier","34119","4500 Executive Drive Suite 100, Naples, FL 34119","Estate Planning; Business Law","https://safeharborlawfirm.com/","26.27372","-81.732926","https://safeharborlawfirm.com/naples/","","insert"
"l-0528","Safe Harbor Law Firm","(239) 788-2033","27821 S Tamiami Trail Suite 2","Bonita Springs","Lee","34134","27821 S Tamiami Trail Suite 2, Bonita Springs, FL 34134","Estate Planning; Business Law","https://safeharborlawfirm.com/","26.3338542187027","-81.8060014712962","https://safeharborlawfirm.com/naples/","","insert"
"l-0529","Safe Harbor Law Firm","(239) 933-4697","5237 Summerlin Commons Blvd","Fort Myers","Lee","33907","5237 Summerlin Commons Blvd, Fort Myers, FL 33907","Estate Planning; Business Law","https://safeharborlawfirm.com/","26.5796165","-81.8782204","https://safeharborlawfirm.com/naples/","","insert"
"l-0530","Hurtado Immigration Law Firm","(239) 800-0580","4461 Camino Real Way","Fort Myers","Lee","33966","4461 Camino Real Way, Fort Myers, FL 33966","Immigration","https://www.hurtadolawfirm.com/","26.598488728707558","-81.83247846348638","https://www.hurtadolawfirm.com/contact/","","insert"
"l-0531","DeMine Immigration Law Firm, P.A.","(239) 208-2680","1601 Hendry Street","Fort Myers","Lee","33901","1601 Hendry Street, Fort Myers, FL 33901","Immigration","https://demineimmigration.com/","26.6434177","-81.8690489","https://demineimmigration.com/contact/","","insert"
"l-0532","DeMine Immigration Law Firm, P.A.","(239) 208-2680","1400 Kimdale St E Suite 8","Lehigh Acres","Lee","33936","1400 Kimdale St E Suite 8, Lehigh Acres, FL 33936","Immigration","https://demineimmigration.com/","26.610963","-81.654202","https://demineimmigration.com/contact/","","insert"
"l-0533","DeMine Immigration Law Firm, P.A.","(239) 208-2680","9220 Bonita Beach Road Suite 201","Bonita Springs","Lee","34135","9220 Bonita Beach Road Suite 201, Bonita Springs, FL 34135","Immigration","https://demineimmigration.com/","26.3317129","-81.7974171","https://demineimmigration.com/contact/","","insert"
"l-0534","The Hagen Law Firm","(239) 275-0808","5290 Summerlin Commons Way #1003","Fort Myers","Lee","33907","5290 Summerlin Commons Way #1003, Fort Myers, FL 33907","Real Estate Law; Estate Planning; Business Law","https://hagenlawfl.com/","26.577127633551353","-81.87963635329926","https://hagenlawfl.com/","","insert"
"l-0535","The Wotitzky Law Firm","(941) 639-2171","1107 W. Marion Ave. Unit 111","Punta Gorda","Charlotte","33950","1107 W. Marion Ave. Unit 111, Punta Gorda, FL 33950","Real Estate Law; Business Law; Estate Planning","https://www.wotitzkylaw.com/","26.92710121426916","-82.06114931249866","https://www.wotitzkylaw.com/contact-us/","","insert"
"l-0536","Mizell & Mays Law Firm, P.A.","(941) 575-9291","331 Sullivan St","Punta Gorda","Charlotte","33950","331 Sullivan St, Punta Gorda, FL 33950","Estate Planning; Business Law","https://www.mizell-law.com/","26.933401058287007","-82.0504537256738","https://www.mizell-law.com/contact-us/","","insert"
"l-0537","Byrski Estate & Elder Law, Inc.","(941) 833-9262","25086 Olympia Avenue Suite 310","Punta Gorda","Charlotte","33950","25086 Olympia Avenue Suite 310, Punta Gorda, FL 33950","Estate Planning","https://byrskilaw.com/","26.937758","-82.0442904","https://byrskilaw.com/contact/","","insert"
"l-0538","Tippen Law Firm, PLLC","(941) 888-4260","315 E. Olympia Ave #224","Punta Gorda","Charlotte","33950","315 E. Olympia Ave #224, Punta Gorda, FL 33950","Estate Planning; Business Law; Real Estate Law","https://www.tippenlaw.com/","26.9348422","-82.0494249","https://www.tippenlaw.com/contact/","","insert"
"l-0539","Tippen Law Firm, PLLC","(239) 214-6060","12553 New Brittany Blvd #32","Fort Myers","Lee","33907","12553 New Brittany Blvd #32, Fort Myers, FL 33907","Estate Planning; Business Law; Real Estate Law","https://www.tippenlaw.com/","26.560287","-81.880794","https://www.tippenlaw.com/contact/","","insert"
"l-0540","Kuhns Law Firm, PLLC","(941) 205-8000","425 Cross Street Suite 312","Punta Gorda","Charlotte","33950","425 Cross Street Suite 312, Punta Gorda, FL 33950","Estate Planning; Real Estate Law; Business Law","https://www.kuhnslawfirm.com/","26.931998","-82.049972","https://www.kuhnslawfirm.com/contact","","insert"
"l-0541","Weldon & Rothman, PL","(239) 262-2141","2548 Northbrooke Plaza Dr","Naples","Collier","34119","2548 Northbrooke Plaza Dr, Naples, FL 34119","Civil Litigation; Personal Injury","https://www.weldonrothman.com/","26.27413594885515","-81.73876484485174","https://www.weldonrothman.com/contact-us/","","insert"
"l-0542","Weldon & Rothman, PL","(239) 262-2141","1415 Dean Street Suite 103","Fort Myers","Lee","33901","1415 Dean Street Suite 103, Fort Myers, FL 33901","Civil Litigation; Personal Injury","https://www.weldonrothman.com/","26.6443044","-81.870702","https://www.weldonrothman.com/contact-us/","","insert"
"l-0543","Boatman Ricci","(239) 330-1494","3021 Airport-Pulling Rd. N. Suite 202","Naples","Collier","34105","3021 Airport-Pulling Rd. N. Suite 202, Naples, FL 34105","Civil Litigation; Real Estate Law; Personal Injury","https://boatmanricci.com/","26.182716306122447","-81.7675032244898","https://boatmanricci.com/locations/naples/","","insert"
"l-0544","Boatman Ricci","(239) 330-1494","12751 New Brittany Blvd. Suite 550","Fort Myers","Lee","33907","12751 New Brittany Blvd. Suite 550, Fort Myers, FL 33907","Civil Litigation; Real Estate Law; Personal Injury","https://boatmanricci.com/","26.55730325398496","-81.88074086890049","https://boatmanricci.com/locations/naples/","","insert"
"l-0545","Boatman Ricci","(239) 330-1494","950 N. Collier Blvd. Suite 422","Marco Island","Collier","34145","950 N. Collier Blvd. Suite 422, Marco Island, FL 34145","Civil Litigation; Real Estate Law; Personal Injury","https://boatmanricci.com/","25.954475","-81.724639","https://boatmanricci.com/locations/naples/","","insert"
"l-0546","Pavese Law Firm","(239) 334-2195","1833 Hendry Street","Fort Myers","Lee","33901","1833 Hendry Street, Fort Myers, FL 33901","Real Estate Law; Business Law; Civil Litigation; Estate Planning","https://paveselaw.com/","26.6411402","-81.8676551","https://paveselaw.com/contact/","","insert"
"l-0547","Knott Ebelini Hart","(239) 334-2722","1625 Hendry Street, Third Floor","Fort Myers","Lee","33901","1625 Hendry Street, Third Floor, Fort Myers, FL 33901","Business Law; Real Estate Law; Civil Litigation","https://www.knott-law.com/","26.6430351","-81.8687265","https://www.knott-law.com/contact-us/","","insert"
"l-0548","Lusk, Drasites & Tolisano","(239) 908-4930","202 Del Prado Blvd S","Cape Coral","Lee","33990","202 Del Prado Blvd S, Cape Coral, FL 33990","Real Estate Law; Business Law; Estate Planning; Personal Injury; Criminal Defense","https://www.westandforjustice.com/","26.648109527881356","-81.94117601645529","https://www.westandforjustice.com/contact-us/","","insert"
"l-0549","Coleman Yovanovich Koester","(239) 435-3535","4001 Tamiami Trail North Suite 300","Naples","Collier","34103","4001 Tamiami Trail North Suite 300, Naples, FL 34103","Real Estate Law; Civil Litigation; Estate Planning; Business Law","https://cyklawfirm.com/","26.196654","-81.800261","https://cyklawfirm.com/contact/","","insert"
"l-0550","Vernon Litigation Group","(239) 319-4434","3520 Kraft Road Suite 203","Naples","Collier","34105","3520 Kraft Road Suite 203, Naples, FL 34105","Civil Litigation","https://www.vernonlitigation.com/","26.2090989","-81.7466573","https://www.vernonlitigation.com/contact-us/","","insert"
"l-0551","Hahn Loeser & Parks LLP","(239) 337-6700","2400 First Street Suite 300","Fort Myers","Lee","33901","2400 First Street Suite 300, Fort Myers, FL 33901","Civil Litigation; Real Estate Law; Business Law; Estate Planning","https://www.hahnlaw.com/","26.6451257","-81.8678442","https://www.hahnlaw.com/office/fort-myers/","","insert"
"l-0552","Henderson, Franklin, Starnes & Holt, P.A.","(239) 344-1100","1715 Monroe Street","Fort Myers","Lee","33902","1715 Monroe Street, Fort Myers, FL 33902","Business Law; Real Estate Law; Civil Litigation; Estate Planning; Family Law","https://www.henlaw.com/","26.6412751","-81.8695776","https://www.henlaw.com/offices/fort-myers/","","insert"
"l-0553","Henderson, Franklin, Starnes & Holt, P.A.","(239) 344-1100","3451 Bonita Bay Blvd. Suite 206","Bonita Springs","Lee","34134","3451 Bonita Bay Blvd. Suite 206, Bonita Springs, FL 34134","Business Law; Real Estate Law; Civil Litigation; Estate Planning; Family Law","https://www.henlaw.com/","26.347040354962374","-81.80912527427436","https://www.henlaw.com/contact-us/","","insert"
"l-0554","Henderson, Franklin, Starnes & Holt, P.A.","(239) 344-1100","8889 Pelican Bay Boulevard Suite 400","Naples","Collier","34108","8889 Pelican Bay Boulevard Suite 400, Naples, FL 34108","Business Law; Real Estate Law; Civil Litigation; Estate Planning; Family Law","https://www.henlaw.com/","26.245004908163263","-81.80088692857143","https://www.henlaw.com/contact-us/","","insert"
"l-0555","Law Offices of Richardson & Sellers, P.A.","(239) 387-1940","3525 Bonita Beach Rd","Bonita Springs","Lee","34134","3525 Bonita Beach Rd, Bonita Springs, FL 34134","Estate Planning","https://www.richardsonsellers.com/","26.330402817859184","-81.81161321385233","https://www.richardsonsellers.com/contact-us/","","insert"
"l-0556","Barbara M. Pizzolato, P.A.","(239) 225-7911","8660 College Pkwy Suite 400","Fort Myers","Lee","33919","8660 College Pkwy Suite 400, Fort Myers, FL 33919","Estate Planning; Business Law","https://pizzolatolaw.com/","26.55681089932886","-81.89940653691275","https://pizzolatolaw.com/contact-us/","","insert"
"l-0557","James Karl & Associates","(239) 642-9988","1095 Bald Eagle Drive Suite 1","Marco Island","Collier","34145","1095 Bald Eagle Drive Suite 1, Marco Island, FL 34145","Estate Planning; Real Estate Law; Business Law; Civil Litigation","https://www.marcoislandattorneys.com/","25.968645197787033","-81.72752721072574","https://www.marcoislandattorneys.com/marco-island-law-office/index.htm","","insert"
"l-0558","The Law Office of Jillian Yanes, P.A.","(239) 449-0325","2500 Airport Pulling Road S Suite 309","Naples","Collier","34112","2500 Airport Pulling Road S Suite 309, Naples, FL 34112","Immigration; Criminal Defense","https://www.yanesimmigrationlaw.com/","26.1223037","-81.7522342","https://www.yanesimmigrationlaw.com/index.html","","insert"
"l-0559","U.S. Immigration Team, PLLC","(239) 643-5529","4280 Tamiami Trail East Suite 302","Naples","Collier","34112","4280 Tamiami Trail East Suite 302, Naples, FL 34112","Immigration","https://usimmigrationteam.com/","26.11437090166824","-81.75421476693272","https://usimmigrationteam.com/contact-us/","","insert"
"l-0560","Woodward, Pires & Lombardo, P.A.","(239) 649-6555","3200 Tamiami Trail N. Suite 200","Naples","Collier","34103","3200 Tamiami Trail N. Suite 200, Naples, FL 34103","Real Estate Law; Estate Planning; Business Law; Civil Litigation; Family Law","https://wpl-legal.com/","26.187039137535816","-81.8000095644699","https://wpl-legal.com/contact/","","insert"
"l-0561","Woodward, Pires & Lombardo, P.A.","(239) 394-5161","606 Bald Eagle Dr. Suite 500","Marco Island","Collier","34145","606 Bald Eagle Dr. Suite 500, Marco Island, FL 34145","Real Estate Law; Estate Planning; Business Law; Civil Litigation; Family Law","https://wpl-legal.com/","25.9526233","-81.7245576","https://wpl-legal.com/contact/","","insert"
"l-0562","Rothrock Immigration Lawyer","(239) 206-2363","12811 Kenwood Ln Suite 107A","Fort Myers","Lee","33907","12811 Kenwood Ln Suite 107A, Fort Myers, FL 33907","Immigration","https://www.rothrockimmigrationlawyer.com/","26.554500053033088","-81.87403471557883","https://www.rothrockimmigrationlawyer.com/contact-us/","","insert"
"l-0563","Rothrock Immigration Lawyer","(239) 330-2534","11983 Tamiami Trl N Suite 123","Naples","Collier","34110","11983 Tamiami Trl N Suite 123, Naples, FL 34110","Immigration","https://www.rothrockimmigrationlawyer.com/","26.280015","-81.801862","https://www.rothrockimmigrationlawyer.com/contact-us/","","insert"
"l-0564","Rothrock Immigration Lawyer","(239) 206-8252","1222 SE 47th St. #C1","Cape Coral","Lee","33904","1222 SE 47th St. #C1, Cape Coral, FL 33904","Immigration","https://www.rothrockimmigrationlawyer.com/","26.564336","-81.9492731","https://www.rothrockimmigrationlawyer.com/contact-us/","","insert"
"l-0565","The Law Office of Michael M. Raheb, P.A.","(239) 226-0888","2423 First Street","Fort Myers","Lee","33901","2423 First Street, Fort Myers, FL 33901","Immigration; Family Law; Criminal Defense; Personal Injury","https://www.michaelraheb.com/","26.6457035","-81.8677541","https://www.michaelraheb.com/contact-us/","","insert"
"l-0566","Megan M. Kelly Attorney at Law","(239) 273-5485","1415 Panther Lane Suite 549","Naples","Collier","34109","1415 Panther Lane Suite 549, Naples, FL 34109","Estate Planning; Business Law","https://www.meganmkellylaw.com/","26.215224","-81.7902121","https://www.meganmkellylaw.com/contact","","insert"
"l-0567","Your Advocates","(239) 423-5979","2050 McGregor Blvd.","Fort Myers","Lee","33901","2050 McGregor Blvd., Fort Myers, FL 33901","Estate Planning; Civil Litigation; Real Estate Law","https://www.your-advocates.org/","26.640288258064516","-81.87355158064516","https://www.your-advocates.org/contact-us/","","insert"
"l-0568","Nici Law Firm","(239) 449-6150","1865 Veterans Park Drive Suite 203","Naples","Collier","34109","1865 Veterans Park Drive Suite 203, Naples, FL 34109","Estate Planning; Business Law","https://www.nicilawfirm.com/","26.270635734256057","-81.78221306791","https://www.nicilawfirm.com/contact/","","insert"
"l-0569","Albert Matthews PLLC","(239) 215-0208","12734 Kenwood Lane Suite 10","Fort Myers","Lee","33907","12734 Kenwood Lane Suite 10, Fort Myers, FL 33907","Family Law; Estate Planning; Civil Litigation","https://www.albertmatthewslaw.com/","26.554615914853965","-81.87508824089743","https://www.albertmatthewslaw.com/","","insert"
"l-0570","Albert Matthews PLLC","(239) 215-0208","9051 Tamiami Trail N Suite 201","Naples","Collier","34108","9051 Tamiami Trail N Suite 201, Naples, FL 34108","Family Law; Estate Planning; Civil Litigation","https://www.albertmatthewslaw.com/","26.253543095820564","-81.80136796350808","https://www.albertmatthewslaw.com/","","insert"
"l-0571","Kelleher + Holland, LLC","(239) 510-9561","1100 5th Ave S Suite 410","Naples","Collier","34102","1100 5th Ave S Suite 410, Naples, FL 34102","Business Law; Real Estate Law; Estate Planning; Civil Litigation","https://kelleherholland.com/","26.142356876956597","-81.79208390601686","https://kelleherholland.com/naples-law-office/","","insert"
"l-0572","Linde, Gould & Associates","(239) 939-7100","12693 New Brittany Blvd","Fort Myers","Lee","33907","12693 New Brittany Blvd, Fort Myers, FL 33907","Estate Planning; Civil Litigation","https://www.floridaprobatelitigator.com/","26.558266240000002","-81.8807262","https://www.floridaprobatelitigator.com/","","insert"
"l-0573","Bergermann Law Firm","(239) 334-0075","2021 Hendry St","Fort Myers","Lee","33901","2021 Hendry St, Fort Myers, FL 33901","Family Law","https://bergermannlaw.com/","26.64055267303142","-81.86762282097509","https://bergermannlaw.com/contact/","","insert"
"l-0574","Bergermann Law Firm","(239) 334-0075","1048 Goodlette Road N Suite 201","Naples","Collier","34102","1048 Goodlette Road N Suite 201, Naples, FL 34102","Family Law","https://bergermannlaw.com/","26.1605574","-81.7900363","https://bergermannlaw.com/contact/","","insert"
"l-0575","Bergermann Law Firm","(239) 334-0075","202 Del Prado Blvd S","Cape Coral","Lee","33990","202 Del Prado Blvd S, Cape Coral, FL 33990","Family Law","https://bergermannlaw.com/","26.648109527881356","-81.94117601645529","https://bergermannlaw.com/contact/","","insert"
"l-0576","Shemkus Family Law, P.A.","(239) 262-3377","1100 Fifth Avenue South Suite 307","Naples","Collier","34102","1100 Fifth Avenue South Suite 307, Naples, FL 34102","Family Law","https://www.naplesfamilylawfirm.com/","26.1418931","-81.7913974","https://www.naplesfamilylawfirm.com/contact-us/","","insert"
"l-0577","Fischler, Friedman & Bennett, P.A.","(239) 333-1200","4020 Evans Ave.","Fort Myers","Lee","33901","4020 Evans Ave., Fort Myers, FL 33901","Family Law; Business Law; Estate Planning","https://www.ffpa-law.com/","26.603445437450905","-81.85983805699124","https://www.ffpa-law.com/contact-us","","insert"
"l-0578","Anthony Olson, P.A.","(239) 580-6900","4851 Tamiami Trail North Suite 200","Naples","Collier","34103","4851 Tamiami Trail North Suite 200, Naples, FL 34103","Immigration; Business Law","https://immigrationvisausa.com/","26.2056954","-81.8014433","https://immigrationvisausa.com/en/contact","","insert"
"l-0579","Anthony Olson, P.A.","(239) 332-4545","9160 Forum Corporate Parkway Suite 350","Fort Myers","Lee","33905","9160 Forum Corporate Parkway Suite 350, Fort Myers, FL 33905","Immigration; Business Law","https://immigrationvisausa.com/","26.6265342","-81.8040914","https://immigrationvisausa.com/en/contact","","insert"
"l-0580","Westchase Law, P.A.","(813) 490-5211","12027 Whitmarsh Lane","Tampa","Hillsborough","33626","12027 Whitmarsh Lane, Tampa, FL 33626","Business Law; Family Law; Estate Planning; Real Estate Law","https://www.westchaselaw.com/","28.056374","-82.6228466","https://www.westchaselaw.com/contact/","","insert"
"l-0581","Dirks Law Firm","(727) 601-0601","2311 Alt. US 19 Suite 5","Palm Harbor","Pinellas","34683","2311 Alt. US 19 Suite 5, Palm Harbor, FL 34683","Real Estate Law","https://www.dirkslawfirm.com/","28.088881","-82.772619","https://www.dirkslawfirm.com/","","insert"
"l-0582","Boss Law","(727) 877-3188","2100 4th Street North","St. Petersburg","Pinellas","33704","2100 4th Street North, St. Petersburg, FL 33704","Real Estate Law","https://bosslegal.com/","27.7914","-82.638676","https://bosslegal.com/contact/","","insert"
"l-0583","Boss Law","(727) 877-3188","10733 57th Ave N","Seminole","Pinellas","33772","10733 57th Ave N, Seminole, FL 33772","Real Estate Law","https://bosslegal.com/","27.824332576923076","-82.78809523076923","https://bosslegal.com/contact/","","insert"
"l-0584","Maney | Gordon | Zeller, P.A.","(813) 221-1366","101 East Kennedy Boulevard, Suite 1700","Tampa","Hillsborough","33602","101 East Kennedy Boulevard, Suite 1700, Tampa, FL 33602","Immigration","https://www.maneygordon.com/","27.947073","-82.459494","https://www.maneygordon.com/contact/","","insert"
"l-0585","Maney | Gordon | Zeller, P.A.","(813) 940-5099","5402 W. Hoover Boulevard","Tampa","Hillsborough","33634","5402 W. Hoover Boulevard, Tampa, FL 33634","Immigration","https://www.maneygordon.com/","28.0075681","-82.5325261","https://www.maneygordon.com/contact/","","insert"
"l-0586","Bassey Immigration Law Center, P.A.","(813) 600-3340","11963 N Florida Ave","Tampa","Hillsborough","33612","11963 N Florida Ave, Tampa, FL 33612","Immigration","https://www.basseylaw.com/","28.05784614285714","-82.45928857142857","https://www.basseylaw.com/contact/","","insert"
"l-0587","Bassey Immigration Law Center, P.A.","(727) 408-5170","555 S Hercules Ave. Suite 402","Clearwater","Pinellas","33764","555 S Hercules Ave. Suite 402, Clearwater, FL 33764","Immigration","https://www.basseylaw.com/","27.959076","-82.75349","https://www.basseylaw.com/contact/","","insert"
"l-0588","Buitrago Law Firm PA","(813) 999-4799","100 S. Ashley Dr., Suite 1750","Tampa","Hillsborough","33602","100 S. Ashley Dr., Suite 1750, Tampa, FL 33602","Immigration","https://www.buitragolawfirm.com/","27.944277","-82.4577058","https://www.buitragolawfirm.com/contact-us/","","insert"
"l-0589","Francisca Diaz Law","(813) 212-4066","2801 W. Waters Ave, Suite C","Tampa","Hillsborough","33614","2801 W. Waters Ave, Suite C, Tampa, FL 33614","Immigration","https://www.franciscadiazlaw.com/","28.02543","-82.488471","https://www.franciscadiazlaw.com/","","insert"
"l-0590","Law Offices of Steven A. Culbreath, P.A.","(727) 289-5897","701 49th Street North","St. Petersburg","Pinellas","33710","701 49th Street North, St. Petersburg, FL 33710","Immigration; Business Law; Estate Planning","https://immigrationlawtampabay.com/","27.779084","-82.69981","https://immigrationlawtampabay.com/contact/","","insert"
"l-0591","Fisher & Wilsey, P.A.","(727) 898-1181","1000 16th Street North","St. Petersburg","Pinellas","33705","1000 16th Street North, St. Petersburg, FL 33705","Estate Planning; Business Law; Real Estate Law","https://www.fisher-wilsey-law.com/","27.781904461538463","-82.6549853076923","https://www.fisher-wilsey-law.com/contact/","","insert"
"l-0592","Brick Business Law, P.A.","(813) 669-0122","3413 W Fletcher Avenue","Tampa","Hillsborough","33618","3413 W Fletcher Avenue, Tampa, FL 33618","Business Law; Civil Litigation","https://brickbusinesslaw.com/","28.06584714285714","-82.49861404081632","https://brickbusinesslaw.com/contact/","","insert"
"l-0593","Brick Business Law, P.A.","(813) 669-0122","5150 Central Avenue","St. Petersburg","Pinellas","33707","5150 Central Avenue, St. Petersburg, FL 33707","Business Law; Civil Litigation","https://brickbusinesslaw.com/","27.7709229","-82.7032904","https://brickbusinesslaw.com/contact/","","insert"
"l-0594","Lopez Law Group","(727) 933-0015","700 7th Ave N, Suite A","St. Petersburg","Pinellas","33701","700 7th Ave N, Suite A, St. Petersburg, FL 33701","Real Estate Law; Estate Planning; Civil Litigation; Criminal Defense","https://www.thelopezlawgroup.com/","27.779341","-82.642592","https://www.thelopezlawgroup.com/contact-us/","","insert"
"l-0595","Lopez Law Group","(813) 999-2181","1205 N Franklin St, Suite 212","Tampa","Hillsborough","33602","1205 N Franklin St, Suite 212, Tampa, FL 33602","Real Estate Law; Estate Planning; Civil Litigation; Criminal Defense","https://www.thelopezlawgroup.com/","27.95362912244898","-82.4601123877551","https://www.thelopezlawgroup.com/contact-us/","","insert"
"l-0596","Cantrell Schuette, P.A.","(727) 509-6555","9800 4th St N #200","St. Petersburg","Pinellas","33702","9800 4th St N #200, St. Petersburg, FL 33702","Civil Litigation; Business Law; Personal Injury","https://lawcantrell.com/","27.861191","-82.638907","https://lawcantrell.com/contact/","","insert"
"l-0597","Cantrell Schuette, P.A.","(813) 705-6275","401 E. Jackson St., Suite 2340","Tampa","Hillsborough","33602","401 E. Jackson St., Suite 2340, Tampa, FL 33602","Civil Litigation; Business Law; Personal Injury","https://lawcantrell.com/","27.9475507","-82.4594277","https://lawcantrell.com/contact/","","insert"
"l-0598","The Law Offices of Carol A. Lawson","(727) 410-2705","2451 McMullen Booth Rd. Suite 254","Clearwater","Pinellas","33759","2451 McMullen Booth Rd. Suite 254, Clearwater, FL 33759","Estate Planning","https://carollawsonpa.com/","28.010356","-82.709763","https://carollawsonpa.com/contact/","","insert"
"l-0599","The Law Offices of Carol A. Lawson","(727) 410-2705","28870 US Hwy 19 N Suite 300","Clearwater","Pinellas","33761","28870 US Hwy 19 N Suite 300, Clearwater, FL 33761","Estate Planning","https://carollawsonpa.com/","28.0346637","-82.7383425","https://carollawsonpa.com/contact/","","insert"
"l-0600","Michael T. Heider, P.A.","(727) 235-6005","2629 McCormick Dr. #102","Clearwater","Pinellas","33759","2629 McCormick Dr. #102, Clearwater, FL 33759","Estate Planning","https://www.heiderlaw.com/","27.9990492986728","-82.72788027278905","https://www.heiderlaw.com/contact/","","insert"
"l-0601","American Dream Law Office, PLLC","(813) 321-3347","10936 N 56th St. Ste 202","Temple Terrace","Hillsborough","33617","10936 N 56th St. Ste 202, Temple Terrace, FL 33617","Immigration","https://www.americandreamlawoffice.com/","28.047470454545454","-82.393772","https://www.americandreamlawoffice.com/contact-us/","","insert"
"l-0602","Keith A. Ringelspaugh, P.A.","(727) 525-1958","3347 49th Street North","St. Petersburg","Pinellas","33710","3347 49th Street North, St. Petersburg, FL 33710","Real Estate Law","https://www.keithringlaw.com/","27.802278346938774","-82.69996528571428","https://www.keithringlaw.com/contact-us/","","insert"
"l-0603","Older Lundy Koch & Martino","(813) 254-8998","1000 West Cass Street","Tampa","Hillsborough","33606","1000 West Cass Street, Tampa, FL 33606","Family Law; Personal Injury; Civil Litigation; Business Law; Estate Planning; Real Estate Law","https://olderlundylaw.com/","27.949774","-82.46942","https://olderlundylaw.com/contact/","","insert"
"l-0604","Older Lundy Koch & Martino","(813) 254-8998","111 Second Avenue NE Suite #1210","St. Petersburg","Pinellas","33701","111 Second Avenue NE Suite #1210, St. Petersburg, FL 33701","Family Law; Personal Injury; Civil Litigation; Business Law; Estate Planning; Real Estate Law","https://olderlundylaw.com/","27.772606","-82.6337228","https://olderlundylaw.com/contact/","","insert"
"l-0605","Older Lundy Koch & Martino","(813) 254-8998","200 N. Garden Avenue","Clearwater","Pinellas","33755","200 N. Garden Avenue, Clearwater, FL 33755","Family Law; Personal Injury; Civil Litigation; Business Law; Estate Planning; Real Estate Law","https://olderlundylaw.com/","27.968277","-82.798794","https://olderlundylaw.com/contact/","","insert"
"l-0606","Zoecklein Law, P.A.","(813) 501-5071","150 E. Bloomingdale Ave","Brandon","Hillsborough","33511","150 E. Bloomingdale Ave, Brandon, FL 33511","Estate Planning; Civil Litigation; Real Estate Law","https://www.zoeckleinlawpa.com/","27.8953752","-82.2839519","https://www.zoeckleinlawpa.com/contact-us/","","insert"
"l-0607","Zoecklein Law, P.A.","(813) 501-5071","401 E Jackson St # 2340","Tampa","Hillsborough","33602","401 E Jackson St # 2340, Tampa, FL 33602","Estate Planning; Civil Litigation; Real Estate Law","https://www.zoeckleinlawpa.com/","27.9475507","-82.4594277","https://www.zoeckleinlawpa.com/contact-us/","","insert"
"l-0608","Zoecklein Law, P.A.","(727) 220-5051","4021 Central Avenue, Suite B","St. Petersburg","Pinellas","33713","4021 Central Avenue, Suite B, St. Petersburg, FL 33713","Estate Planning; Civil Litigation; Real Estate Law","https://www.zoeckleinlawpa.com/","27.7709625","-82.6878274","https://www.zoeckleinlawpa.com/contact-us/","","insert"
"l-0609","AWS Law Firm","(813) 922-5293","2202 N. Westshore Blvd., Ste 200","Tampa","Hillsborough","33607","2202 N. Westshore Blvd., Ste 200, Tampa, FL 33607","Estate Planning; Real Estate Law; Civil Litigation","https://awslaw.org/","27.9604486","-82.5245417","https://awslaw.org/contact-us/","","insert"
"l-0610","Fuentes and Kreischer, PA","(813) 579-3039","1407 West Busch Boulevard","Tampa","Hillsborough","33612","1407 West Busch Boulevard, Tampa, FL 33612","Estate Planning; Real Estate Law; Civil Litigation; Business Law","https://www.fklaw.net/","28.03350342857143","-82.47369251020407","https://www.fklaw.net/contact-us/","","insert"
"l-0611","Dixit Law Firm","(813) 252-3999","3030 N. Rocky Point Dr W, Suite 430","Tampa","Hillsborough","33607","3030 N. Rocky Point Dr W, Suite 430, Tampa, FL 33607","Real Estate Law; Business Law; Civil Litigation","https://dixitlaw.com/","27.9688487","-82.5697717","https://dixitlaw.com/","","insert"
"l-0612","Lieser Skaff","(813) 280-1256","403 N. Howard Ave.","Tampa","Hillsborough","33606","403 N. Howard Ave., Tampa, FL 33606","Civil Litigation; Business Law; Real Estate Law","https://lieserskaff.com/","27.9479689","-82.4826787","https://lieserskaff.com/","","insert"
"l-0613","The Law Office of Robert Eckard & Associates, P.A.","(727) 772-1941","3110 Palm Harbor Blvd.","Palm Harbor","Pinellas","34683","3110 Palm Harbor Blvd., Palm Harbor, FL 34683","Civil Litigation; Business Law; Criminal Defense","https://roberteckardlaw.com/","28.1022344","-82.7716654","https://roberteckardlaw.com/contact/","","insert"
"l-0614","Southron Firm, P.A.","(813) 773-5105","400 N. Ashley Dr. Suite 1720","Tampa","Hillsborough","33602","400 N. Ashley Dr. Suite 1720, Tampa, FL 33602","Business Law; Civil Litigation; Real Estate Law; Estate Planning","https://www.southronfirm.com/","27.9473917","-82.4602047","https://www.southronfirm.com/contact/","","insert"
"l-0615","Bubley & Bubley, P.A.","(813) 963-7735","12960 N Dale Mabry Hwy","Tampa","Hillsborough","33618","12960 N Dale Mabry Hwy, Tampa, FL 33618","Family Law; Estate Planning; Business Law; Real Estate Law","https://www.bubleylaw.com/","28.064281427472487","-82.50455910448633","https://www.bubleylaw.com/contact-us/","","insert"
"l-0616","Bivins & Hemenway, P.A.","(813) 643-4900","1060 Bloomingdale Ave.","Valrico","Hillsborough","33596","1060 Bloomingdale Ave., Valrico, FL 33596","Real Estate Law; Business Law; Estate Planning","https://www.bhpalaw.com/","27.893697696969696","-82.26833387878787","https://www.bhpalaw.com/contact-us/","","insert"
"l-0617","McLane, McLane & McLane","(727) 584-2110","275 Clearwater-Largo Road North","Largo","Pinellas","33770","275 Clearwater-Largo Road North, Largo, FL 33770","Civil Litigation; Estate Planning; Family Law; Real Estate Law","https://www.mclane-law.com/","27.9211278","-82.7964209","https://www.mclane-law.com/","","insert"
"l-0618","Preservation Law Firm","(727) 955-3872","1920 East Bay Drive","Largo","Pinellas","33771","1920 East Bay Drive, Largo, FL 33771","Estate Planning; Business Law","https://www.preservationlawfirm.com/","27.91650844117647","-82.76758495588236","https://www.preservationlawfirm.com/contact-us/","","insert"
"l-0619","DeLoach, Hofstra & Cavonis, P.A.","(727) 397-5571","8640 Seminole Blvd","Seminole","Pinellas","33772","8640 Seminole Blvd, Seminole, FL 33772","Estate Planning; Real Estate Law; Civil Litigation; Personal Injury","https://www.dhclaw.com/","27.8491889","-82.7874349","https://www.dhclaw.com/contact-us.cfm","skip — (727) 397-5571 is listed for l-140 Family Matters Law Group; unresolved conflict","skip"
"l-0620","DeLoach, Hofstra & Cavonis, P.A.","(727) 270-9326","520 4th St N, Ste 102","St. Petersburg","Pinellas","33701","520 4th St N, Ste 102, St. Petersburg, FL 33701","Estate Planning; Real Estate Law; Civil Litigation; Personal Injury","https://www.dhclaw.com/","27.777848616484793","-82.63864064793252","https://www.dhclaw.com/contact-us.cfm","","insert"
"l-0621","DeLoach, Hofstra & Cavonis, P.A.","(813) 429-4529","775 Cortaro Dr #100","Sun City Center","Hillsborough","33573","775 Cortaro Dr #100, Sun City Center, FL 33573","Estate Planning; Real Estate Law; Civil Litigation; Personal Injury","https://www.dhclaw.com/","27.715960119042492","-82.37239101498307","https://www.dhclaw.com/contact-us.cfm","","insert"
"l-0622","PLG Law","(727) 781-5357","3684 Tampa Rd. Suite 2","Oldsmar","Pinellas","34677","3684 Tampa Rd. Suite 2, Oldsmar, FL 34677","Business Law; Estate Planning","https://plglawyer.com/","28.044691973383614","-82.68161868382434","https://plglawyer.com/contact/","","insert"
"l-0623","Roldan Legal","(813) 407-2899","1463 Oakfield Drive Suite 108","Brandon","Hillsborough","33511","1463 Oakfield Drive Suite 108, Brandon, FL 33511","Immigration","https://roldanlegal.com/","27.934002935932835","-82.3066353808066","https://roldanlegal.com/contact/","","insert"
"l-0624","Clearwater Business Law, LLC","(727) 785-5100","1802 N. Belcher Rd #120","Clearwater","Pinellas","33765","1802 N. Belcher Rd #120, Clearwater, FL 33765","Business Law; Civil Litigation","https://clearwaterbusinessattorney.com/","27.9865073","-82.7464103","https://clearwaterbusinessattorney.com/contact/","","insert"
"l-0625","Verras Law","(727) 493-2900","31640 U.S. Hwy. 19 N., Suite 4","Palm Harbor","Pinellas","34684","31640 U.S. Hwy. 19 N., Suite 4, Palm Harbor, FL 34684","Estate Planning; Business Law; Immigration","https://verras-law.com/","28.059923","-82.740833","https://verras-law.com/contact/","","insert"
"l-0626","Verras Law","(813) 228-6800","14653 Canopy Drive","Tampa","Hillsborough","33626","14653 Canopy Drive, Tampa, FL 33626","Estate Planning; Business Law; Immigration","https://verras-law.com/","28.0785312","-82.6088383","https://verras-law.com/contact/","","insert"
"l-0627","Verras Law","(727) 892-6050","360 Central Avenue Suite 450","St. Petersburg","Pinellas","33701","360 Central Avenue Suite 450, St. Petersburg, FL 33701","Estate Planning; Business Law; Immigration","https://verras-law.com/","27.7707939","-82.6381211","https://verras-law.com/contact/","","insert"
"l-0628","David Toback, Attorney at Law","(813) 252-7529","1211 N. Westshore Blvd., Suite 315","Tampa","Hillsborough","33607","1211 N. Westshore Blvd., Suite 315, Tampa, FL 33607","Estate Planning; Business Law","https://www.davidtobacklaw.com/","27.95379068844221","-82.52405266834171","https://www.davidtobacklaw.com/contact/","","insert"
"l-0629","David Toback, Attorney at Law","(813) 252-7529","8950 Dr. Martin Luther King Jr. St. N., Suite 204","St. Petersburg","Pinellas","33702","8950 Dr. Martin Luther King Jr. St. N., Suite 204, St. Petersburg, FL 33702","Estate Planning; Business Law","https://www.davidtobacklaw.com/","27.8537767","-82.6469572","https://www.davidtobacklaw.com/contact/","","insert"
"l-0630","FL Patel Law PLLC","(727) 279-5037","360 Central Avenue, 8th Floor","St. Petersburg","Pinellas","33701","360 Central Avenue, 8th Floor, St. Petersburg, FL 33701","Business Law","https://www.flpatellaw.com/","27.7707939","-82.6381211","https://www.flpatellaw.com/contact/","","insert"
"l-0631","Prasse-Anderson & Muller, LLP","(813) 258-4422","15310 Amberly Dr Ste 250","Tampa","Hillsborough","33647","15310 Amberly Dr Ste 250, Tampa, FL 33647","Business Law; Civil Litigation","https://www.tampalitigator.com/","28.08936812722725","-82.40416879717486","https://www.tampalitigator.com/contact-us/","","insert"
"l-0632","Holcomb & Leung, P.A.","(813) 258-5835","3203 West Cypress Street","Tampa","Hillsborough","33607","3203 West Cypress Street, Tampa, FL 33607","Business Law; Real Estate Law; Civil Litigation","https://www.holcomblaw.com/","27.9521485","-82.4955214375","https://www.holcomblaw.com/contact-us/","","insert"
"l-0633","The Law Offices of Stephen K. Hachey, P.A.","(813) 549-0096","15619 Premiere Drive Ste 104A","Tampa","Hillsborough","33624","15619 Premiere Drive Ste 104A, Tampa, FL 33624","Real Estate Law; Business Law; Civil Litigation","https://floridarealestatelawyer.org/","28.094294286795595","-82.50548161751587","https://floridarealestatelawyer.org/","","insert"
"l-0634","The Law Offices of Stephen K. Hachey, P.A.","(813) 549-0096","701 N Westshore Blvd Suite 200-15","Tampa","Hillsborough","33609","701 N Westshore Blvd Suite 200-15, Tampa, FL 33609","Real Estate Law; Business Law; Civil Litigation","https://floridarealestatelawyer.org/","27.9514147","-82.5238968","https://floridarealestatelawyer.org/","","insert"
"l-0635","The Law Offices of Stephen K. Hachey, P.A.","(813) 549-0096","10521 Bloomingdale Ridge Dr","Riverview","Hillsborough","33578","10521 Bloomingdale Ridge Dr, Riverview, FL 33578","Real Estate Law; Business Law; Civil Litigation","https://floridarealestatelawyer.org/","27.884190919906576","-82.32463791693367","https://floridarealestatelawyer.org/","","insert"
"l-0636","The Law Offices of Stephen K. Hachey, P.A.","(813) 549-0096","501 South Lincoln Avenue Suite 20B","Clearwater","Pinellas","33756","501 South Lincoln Avenue Suite 20B, Clearwater, FL 33756","Real Estate Law; Business Law; Civil Litigation","https://floridarealestatelawyer.org/","27.960717","-82.78572","https://floridarealestatelawyer.org/","","insert"
